"source","anchor","destination","scope","destinationTitle","target","rel"
"/","หน้าแรก","/","navigation","EVSELECT | รีวิวรถ EV และอุปกรณ์เสริมสำหรับคนรักรถ","",""
"/","เริ่มจากสิ่งที่กำลังตัดสินใจ","/#choose-your-path","navigation","EVSELECT | รีวิวรถ EV และอุปกรณ์เสริมสำหรับคนรักรถ","",""
"/","รีวิวรถ EV","/articles?category=reviews","navigation","บทความและรีวิวรถยนต์ไฟฟ้า EV สเปกไทยฉบับเจาะลึก | EVSELECT","",""
"/","ติดตามการเปิดตัวสินค้า","/#launch","navigation","EVSELECT | รีวิวรถ EV และอุปกรณ์เสริมสำหรับคนรักรถ","",""
"/","บทความและคู่มือ EV","/articles","navigation","บทความและรีวิวรถยนต์ไฟฟ้า EV สเปกไทยฉบับเจาะลึก | EVSELECT","",""
"/","นโยบายบทความ","/editorial-policy","navigation","นโยบายบรรณาธิการ | EVSELECT","",""
"/","ติดต่อ EVSELECT","/contact","navigation","ติดต่อเรา | EVSELECT","",""
"/","บอกรุ่นรถที่คุณใช้","/contact","navigation","ติดต่อเรา | EVSELECT","",""
"/","EVSELECT EVSELECT - DRIVE BETTER. SELECT SMARTER.","/","navigation","EVSELECT | รีวิวรถ EV และอุปกรณ์เสริมสำหรับคนรักรถ","",""
"/","เตรียมเปิดตัว","/#launch","navigation","EVSELECT | รีวิวรถ EV และอุปกรณ์เสริมสำหรับคนรักรถ","",""
"/","บทความ EV","/articles","navigation","บทความและรีวิวรถยนต์ไฟฟ้า EV สเปกไทยฉบับเจาะลึก | EVSELECT","",""
"/","กำลังเปิดตัว","/#launch","navigation","EVSELECT | รีวิวรถ EV และอุปกรณ์เสริมสำหรับคนรักรถ","",""
"/","เลือกเรื่องที่อยากรู้","#choose-your-path","body-navigation","EVSELECT | รีวิวรถ EV และอุปกรณ์เสริมสำหรับคนรักรถ","",""
"/","ดูบทความทั้งหมด","/articles","body-navigation","บทความและรีวิวรถยนต์ไฟฟ้า EV สเปกไทยฉบับเจาะลึก | EVSELECT","",""
"/","บทความแนะนำModel 3 รุ่นไหนตรงกับการใช้งานของคุณ","/articles/tesla-model-3-highland-review","body-navigation","Tesla Model 3 Highland สเปกไทย: เทียบ 4 รุ่น ราคาและอุปกรณ์ล่าสุด | EVSELECT","",""
"/","01กำลังเลือกรถ EVเทียบรุ่น ปี อุปกรณ์ และสิ่งที่ควรลองก่อนตัดสินใจดูรีวิวและข้อมูลรถ","/articles","body-navigation","บทความและรีวิวรถยนต์ไฟฟ้า EV สเปกไทยฉบับเจาะลึก | EVSELECT","",""
"/","02มีรถแล้ว อยากแก้ปัญหาเริ่มจากอาการเด้ง กระด้าง โยน หรือการใช้งานที่ยังไม่ลงตัวเริ่มจากอาการของรถ","/articles/ev-damper-tuning-bump-rebound-guide","body-navigation","ซื้อโช้คหลักแสน ทำไมยังไม่จบ!? เข้าใจโช้คสตรัทปรับเกลียว | EVSELECT","",""
"/","03รออุปกรณ์เปิดตัวดูว่าเรากำลังตรวจอะไร และบอกรุ่นรถที่คุณอยากให้เริ่มก่อนดูสถานะการเปิดตัว","/#launch","body-navigation","EVSELECT | รีวิวรถ EV และอุปกรณ์เสริมสำหรับคนรักรถ","",""
"/","บทความทั้งหมด","/articles","body-navigation","บทความและรีวิวรถยนต์ไฟฟ้า EV สเปกไทยฉบับเจาะลึก | EVSELECT","",""
"/","ข้อมูลรถสเปกไทยTesla Model 3 Highlandดูรุ่น ราคา และอุปกรณ์ที่ต้องเทียบให้ตรงกับรถตลาดไทยอ่านต่อ","/articles/tesla-model-3-highland-review","body-navigation","Tesla Model 3 Highland สเปกไทย: เทียบ 4 รุ่น ราคาและอุปกรณ์ล่าสุด | EVSELECT","",""
"/","เจาะลึกคอยล์โอเวอร์ซื้อโช้คหลักแสน ทำไมยังไม่จบ!?ใส่ตรงรุ่นยังไม่เท่ากับเหมาะกับเรา เข้าใจสปริง ระยะยุบ และปุ่ม 1-Way–3-Way ก่อนเลือกชุดที่ตรงกับยาง ถนน และการใช้งานจริงอ่านต่อ","/articles/ev-damper-tuning-bump-rebound-guide","body-navigation","ซื้อโช้คหลักแสน ทำไมยังไม่จบ!? เข้าใจโช้คสตรัทปรับเกลียว | EVSELECT","",""
"/","คู่มือการใช้งานดูแลแบตเตอรี่รถ EV ในชีวิตประจำวันแยกสิ่งที่ควรทำประจำวันออกจากความเชื่อที่ทำให้ใช้งานยากเกินไปอ่านต่อ","/articles/ev-battery-care","body-navigation","5 วิธีดูแลแบตเตอรี่รถ EV ให้เสื่อมช้าลง และใช้ได้นานเกิน 10 ปี | EVSELECT","",""
"/","อยากได้ของแต่งอะไร บอกเราได้","/contact","body-navigation","ติดต่อเรา | EVSELECT","",""
"/","ช่วงล่างและแดมเปอร์อ่านอาการของรถให้เป็น ก่อนเปลี่ยนชิ้นส่วนหรือเริ่มปรับคลิกเปิดคู่มือ","/articles/ev-suspension-tuning-guide","body-navigation","โช้คเดิมเอาไม่อยู่? คู่มือจูนโช้ค EV ฉบับสมบูรณ์ (KW, Öhlins, BC, H-Drive) | EVSELECT","",""
"/","ยาง คอยล์โอเวอร์ และศูนย์ล้อมองทั้งความสบาย การเกาะถนน และผลต่อการใช้งานจริงร่วมกันเปิดคู่มือ","/articles/ev-tyre-and-coilover-selection-guide","body-navigation","คู่มือการเลือกซื้อยาง (EV Tyres) และสตรัทปรับเกลียว (Coilovers) สำหรับรถ EV: สเปก, ค่าสปริงเรท, โหลดอินเด็กซ์ และการเลือกใช้งาน | EVSELECT","",""
"/","เทคนิคใช้รถ EVอ่านคู่มือที่ช่วยตัดสินใจและใช้งานรถได้มั่นใจขึ้นเปิดคู่มือ","/articles/ev-battery-care","body-navigation","5 วิธีดูแลแบตเตอรี่รถ EV ให้เสื่อมช้าลง และใช้ได้นานเกิน 10 ปี | EVSELECT","",""
"/","บอกรุ่นรถที่คุณใช้","/contact","body-navigation","ติดต่อเรา | EVSELECT","",""
"/","อ่านคู่มือระหว่างรอ","/articles","body-navigation","บทความและรีวิวรถยนต์ไฟฟ้า EV สเปกไทยฉบับเจาะลึก | EVSELECT","",""
"/","ดูหลักการตรวจข้อมูลของเรา","/editorial-policy","body-navigation","นโยบายบรรณาธิการ | EVSELECT","",""
"/","อ่านนโยบายบทความ","/editorial-policy","body-navigation","นโยบายบรรณาธิการ | EVSELECT","",""
"/","ติดต่อ EVSELECT","/contact","body-navigation","ติดต่อเรา | EVSELECT","",""
"/","สถานะการเปิดตัวสินค้า","/#launch","navigation","EVSELECT | รีวิวรถ EV และอุปกรณ์เสริมสำหรับคนรักรถ","",""
"/","ติดต่อ EVSELECT","/contact","navigation","ติดต่อเรา | EVSELECT","",""
"/","อ่านนโยบายบทความ","/editorial-policy","navigation","นโยบายบรรณาธิการ | EVSELECT","",""
"/articles","หน้าแรก","/","navigation","EVSELECT | รีวิวรถ EV และอุปกรณ์เสริมสำหรับคนรักรถ","",""
"/articles","เริ่มจากสิ่งที่กำลังตัดสินใจ","/#choose-your-path","navigation","EVSELECT | รีวิวรถ EV และอุปกรณ์เสริมสำหรับคนรักรถ","",""
"/articles","รีวิวรถ EV","/articles?category=reviews","navigation","บทความและรีวิวรถยนต์ไฟฟ้า EV สเปกไทยฉบับเจาะลึก | EVSELECT","",""
"/articles","ติดตามการเปิดตัวสินค้า","/#launch","navigation","EVSELECT | รีวิวรถ EV และอุปกรณ์เสริมสำหรับคนรักรถ","",""
"/articles","บทความและคู่มือ EV","/articles","navigation","บทความและรีวิวรถยนต์ไฟฟ้า EV สเปกไทยฉบับเจาะลึก | EVSELECT","",""
"/articles","นโยบายบทความ","/editorial-policy","navigation","นโยบายบรรณาธิการ | EVSELECT","",""
"/articles","ติดต่อ EVSELECT","/contact","navigation","ติดต่อเรา | EVSELECT","",""
"/articles","บอกรุ่นรถที่คุณใช้","/contact","navigation","ติดต่อเรา | EVSELECT","",""
"/articles","EVSELECT EVSELECT - DRIVE BETTER. SELECT SMARTER.","/","navigation","EVSELECT | รีวิวรถ EV และอุปกรณ์เสริมสำหรับคนรักรถ","",""
"/articles","เตรียมเปิดตัว","/#launch","navigation","EVSELECT | รีวิวรถ EV และอุปกรณ์เสริมสำหรับคนรักรถ","",""
"/articles","บทความ EV","/articles","navigation","บทความและรีวิวรถยนต์ไฟฟ้า EV สเปกไทยฉบับเจาะลึก | EVSELECT","",""
"/articles","กำลังเปิดตัว","/#launch","navigation","EVSELECT | รีวิวรถ EV และอุปกรณ์เสริมสำหรับคนรักรถ","",""
"/articles","ทั้งหมด21","/articles","body-navigation","บทความและรีวิวรถยนต์ไฟฟ้า EV สเปกไทยฉบับเจาะลึก | EVSELECT","",""
"/articles","รีวิวเจาะลึกรถ EV11","/articles?category=reviews","body-navigation","บทความและรีวิวรถยนต์ไฟฟ้า EV สเปกไทยฉบับเจาะลึก | EVSELECT","",""
"/articles","ระบบช่วงล่าง & แฮนด์ลิ่ง9","/articles?category=suspension","body-navigation","บทความและรีวิวรถยนต์ไฟฟ้า EV สเปกไทยฉบับเจาะลึก | EVSELECT","",""
"/articles","คู่มือ & เคล็ดลับการใช้งาน1","/articles?category=guides","body-navigation","บทความและรีวิวรถยนต์ไฟฟ้า EV สเปกไทยฉบับเจาะลึก | EVSELECT","",""
"/articles","ทุกประเภทตัวถัง","/articles","body-navigation","บทความและรีวิวรถยนต์ไฟฟ้า EV สเปกไทยฉบับเจาะลึก | EVSELECT","",""
"/articles","⚡ ซีดาน / สปอร์ต (2)","/articles?category=all&segment=sedan","body-navigation","บทความและรีวิวรถยนต์ไฟฟ้า EV สเปกไทยฉบับเจาะลึก | EVSELECT","",""
"/articles","🚙 เอสยูวี / ครอสโอเวอร์ (7)","/articles?category=all&segment=suv","body-navigation","บทความและรีวิวรถยนต์ไฟฟ้า EV สเปกไทยฉบับเจาะลึก | EVSELECT","",""
"/articles","🏎️ แฮทช์แบ็กขับหลัง (1)","/articles?category=all&segment=hatchback","body-navigation","บทความและรีวิวรถยนต์ไฟฟ้า EV สเปกไทยฉบับเจาะลึก | EVSELECT","",""
"/articles","🏙️ ซิตี้คาร์ในเมือง (1)","/articles?category=all&segment=city","body-navigation","บทความและรีวิวรถยนต์ไฟฟ้า EV สเปกไทยฉบับเจาะลึก | EVSELECT","",""
"/articles","รีวิว Zeekr 7X 2026 สเปกไทย: พรีเมียมเอสยูวีไฟฟ้า 800V สถาปัตยกรรมล้ำ ชาร์จไวสุดขีด ออปชันหรูระดับเรือธง","/articles/zeekr-7x-2026-review","body-navigation","รีวิว Zeekr 7X 2026 สเปกไทย: พรีเมียมเอสยูวี 800V ชาร์จไวสุดขีด 420kW ออปชันหรูระดับเรือธง | EVSELECT","",""
"/articles","อ่านรีวิวฉบับเต็ม","/articles/zeekr-7x-2026-review","body-navigation","รีวิว Zeekr 7X 2026 สเปกไทย: พรีเมียมเอสยูวี 800V ชาร์จไวสุดขีด 420kW ออปชันหรูระดับเรือธง | EVSELECT","",""
"/articles","รีวิวรถ EV16 นาทีรีวิวรถ EV","/articles/zeekr-009-review","body-navigation","รีวิว ZEEKR 009 สเปกไทย 3 รุ่นย่อย: อัลตร้าลักชัวรีเอ็มพีวี 603 แรงม้า ท้าชน Toyota Alphard | EVSELECT","",""
"/articles","รีวิว ZEEKR 009 สเปกไทย 3 รุ่นย่อย: อัลตร้าลักชัวรีเอ็มพีวี 603 แรงม้า ท้าชน Toyota Alphard","/articles/zeekr-009-review","body-navigation","รีวิว ZEEKR 009 สเปกไทย 3 รุ่นย่อย: อัลตร้าลักชัวรีเอ็มพีวี 603 แรงม้า ท้าชน Toyota Alphard | EVSELECT","",""
"/articles","อ่านรีวิวฉบับเต็ม","/articles/zeekr-009-review","body-navigation","รีวิว ZEEKR 009 สเปกไทย 3 รุ่นย่อย: อัลตร้าลักชัวรีเอ็มพีวี 603 แรงม้า ท้าชน Toyota Alphard | EVSELECT","",""
"/articles","รีวิวรถ EV8 นาทีรีวิวรถ EV","/articles/tesla-model-y-l-premium-6-seater-review","body-navigation","รีวิว 2026 Tesla Model Y L (Premium 6-Seater) สเปกไทย: รถ EV ครอบครัว 6 ที่นั่ง เบาะ Captain Seats | EVSELECT","",""
"/articles","รีวิว 2026 Tesla Model Y L (Premium 6-Seater): หรือนี่จะเป็น EV ครอบครัวที่สมบูรณ์แบบที่สุดในไทย?","/articles/tesla-model-y-l-premium-6-seater-review","body-navigation","รีวิว 2026 Tesla Model Y L (Premium 6-Seater) สเปกไทย: รถ EV ครอบครัว 6 ที่นั่ง เบาะ Captain Seats | EVSELECT","",""
"/articles","อ่านรีวิวฉบับเต็ม","/articles/tesla-model-y-l-premium-6-seater-review","body-navigation","รีวิว 2026 Tesla Model Y L (Premium 6-Seater) สเปกไทย: รถ EV ครอบครัว 6 ที่นั่ง เบาะ Captain Seats | EVSELECT","",""
"/articles","รีวิวรถ EV7 นาทีรีวิวรถ EV","/articles/tesla-model-3-highland-review","body-navigation","Tesla Model 3 Highland สเปกไทย: เทียบ 4 รุ่น ราคาและอุปกรณ์ล่าสุด | EVSELECT","",""
"/articles","Tesla Model 3 Highland สเปกไทย: เทียบ 4 รุ่น ราคาและอุปกรณ์ล่าสุด","/articles/tesla-model-3-highland-review","body-navigation","Tesla Model 3 Highland สเปกไทย: เทียบ 4 รุ่น ราคาและอุปกรณ์ล่าสุด | EVSELECT","",""
"/articles","อ่านรีวิวฉบับเต็ม","/articles/tesla-model-3-highland-review","body-navigation","Tesla Model 3 Highland สเปกไทย: เทียบ 4 รุ่น ราคาและอุปกรณ์ล่าสุด | EVSELECT","",""
"/articles","รีวิวรถ EV9 นาทีรีวิวรถ EV","/articles/byd-seal-review","body-navigation","รีวิว BYD Seal สเปกไทย 3 รุ่นย่อย (Dynamic / Premium / AWD Performance): สปอร์ตซีดานไฟฟ้า 530 แรงม้า | EVSELECT","",""
"/articles","รีวิว BYD Seal (AWD Performance & Premium): สปอร์ตซีดานไฟฟ้า 530 แรงม้า ที่เขย่าบัลลังก์รถยุโรป","/articles/byd-seal-review","body-navigation","รีวิว BYD Seal สเปกไทย 3 รุ่นย่อย (Dynamic / Premium / AWD Performance): สปอร์ตซีดานไฟฟ้า 530 แรงม้า | EVSELECT","",""
"/articles","อ่านรีวิวฉบับเต็ม","/articles/byd-seal-review","body-navigation","รีวิว BYD Seal สเปกไทย 3 รุ่นย่อย (Dynamic / Premium / AWD Performance): สปอร์ตซีดานไฟฟ้า 530 แรงม้า | EVSELECT","",""
"/articles","รีวิวรถ EV9 นาทีรีวิวรถ EV","/articles/zeekr-x-review","body-navigation","รีวิว Zeekr X (Flagship AWD & Standard) สเปกไทย: พรีเมียมคอมแพกต์ครอสโอเวอร์ 489 แรงม้า | EVSELECT","",""
"/articles","รีวิว Zeekr X (Flagship AWD & Standard): พรีเมียมคอมแพกต์ครอสโอเวอร์ 489 แรงม้า ดีไซน์ล้ำ ออปชันหรูระดับไฮเอนด์","/articles/zeekr-x-review","body-navigation","รีวิว Zeekr X (Flagship AWD & Standard) สเปกไทย: พรีเมียมคอมแพกต์ครอสโอเวอร์ 489 แรงม้า | EVSELECT","",""
"/articles","อ่านรีวิวฉบับเต็ม","/articles/zeekr-x-review","body-navigation","รีวิว Zeekr X (Flagship AWD & Standard) สเปกไทย: พรีเมียมคอมแพกต์ครอสโอเวอร์ 489 แรงม้า | EVSELECT","",""
"/articles","รีวิวรถ EV8 นาทีรีวิวรถ EV","/articles/mg4-electric-review","body-navigation","รีวิว MG4 Electric สเปกไทย (Standard / Long Range / XPOWER): ขับหลัง 50:50 แฮทช์แบ็กไฟฟ้าที่ขับสนุกที่สุด | EVSELECT","",""
"/articles","รีวิว MG4 Electric สเปกไทย: รถยนต์ไฟฟ้าขับหลัง 50:50 ที่ขับมันส์ คม หนึบที่สุดในงบไม่เกินล้าน","/articles/mg4-electric-review","body-navigation","รีวิว MG4 Electric สเปกไทย (Standard / Long Range / XPOWER): ขับหลัง 50:50 แฮทช์แบ็กไฟฟ้าที่ขับสนุกที่สุด | EVSELECT","",""
"/articles","อ่านรีวิวฉบับเต็ม","/articles/mg4-electric-review","body-navigation","รีวิว MG4 Electric สเปกไทย (Standard / Long Range / XPOWER): ขับหลัง 50:50 แฮทช์แบ็กไฟฟ้าที่ขับสนุกที่สุด | EVSELECT","",""
"/articles","รีวิวรถ EV8 นาทีรีวิวรถ EV","/articles/deepal-s07-review","body-navigation","รีวิว Changan Deepal S07 สเปกไทย: เอสยูวีไฟฟ้าไซเบอร์พังก์ ออปชันหรู ม่านบังแดดไฟฟ้าสู้แดดไทย | EVSELECT","",""
"/articles","รีวิว Changan Deepal S07 สเปกไทย: เอสยูวีไฟฟ้าไซเบอร์พังก์ ออปชันหรู วิ่งจริงไกลแค่ไหนบนถนนเมืองไทย?","/articles/deepal-s07-review","body-navigation","รีวิว Changan Deepal S07 สเปกไทย: เอสยูวีไฟฟ้าไซเบอร์พังก์ ออปชันหรู ม่านบังแดดไฟฟ้าสู้แดดไทย | EVSELECT","",""
"/articles","อ่านรีวิวฉบับเต็ม","/articles/deepal-s07-review","body-navigation","รีวิว Changan Deepal S07 สเปกไทย: เอสยูวีไฟฟ้าไซเบอร์พังก์ ออปชันหรู ม่านบังแดดไฟฟ้าสู้แดดไทย | EVSELECT","",""
"/articles","รีวิวรถ EV8 นาทีรีวิวรถ EV","/articles/byd-atto-3-review","body-navigation","รีวิว BYD Atto 3 สเปกไทย (MY2024-2026): คอมแพกต์เอสยูวีไฟฟ้ายอดนิยม คุ้มค่าน่าใช้แค่ไหน? | EVSELECT","",""
"/articles","รีวิว BYD Atto 3 (Extended Range & Dynamic): คอมแพกต์เอสยูวีไฟฟ้ายอดนิยม คุ้มค่า น่าใช้แค่ไหนในปี 2026?","/articles/byd-atto-3-review","body-navigation","รีวิว BYD Atto 3 สเปกไทย (MY2024-2026): คอมแพกต์เอสยูวีไฟฟ้ายอดนิยม คุ้มค่าน่าใช้แค่ไหน? | EVSELECT","",""
"/articles","อ่านรีวิวฉบับเต็ม","/articles/byd-atto-3-review","body-navigation","รีวิว BYD Atto 3 สเปกไทย (MY2024-2026): คอมแพกต์เอสยูวีไฟฟ้ายอดนิยม คุ้มค่าน่าใช้แค่ไหน? | EVSELECT","",""
"/articles","รีวิวรถ EV8 นาทีรีวิวรถ EV","/articles/deepal-s05-review","body-navigation","รีวิว Deepal S05 สเปกไทย: เอสยูวีสายแคมปิ้ง-Vlog กล้อง 4K บนหลังคา ไฟหน้าฉายหนัง Frunk หน้า 159L | EVSELECT","",""
"/articles","รีวิว Changan Deepal S05 สเปกไทย: เอสยูวีสายแคมปิ้ง-Vlog กล้อง 4K บนหลังคา ไฟหน้าฉายหนัง และ Frunk หน้า 159 ลิตร","/articles/deepal-s05-review","body-navigation","รีวิว Deepal S05 สเปกไทย: เอสยูวีสายแคมปิ้ง-Vlog กล้อง 4K บนหลังคา ไฟหน้าฉายหนัง Frunk หน้า 159L | EVSELECT","",""
"/articles","อ่านรีวิวฉบับเต็ม","/articles/deepal-s05-review","body-navigation","รีวิว Deepal S05 สเปกไทย: เอสยูวีสายแคมปิ้ง-Vlog กล้อง 4K บนหลังคา ไฟหน้าฉายหนัง Frunk หน้า 159L | EVSELECT","",""
"/articles","รีวิวรถ EV7 นาทีรีวิวรถ EV","/articles/geely-ex2-review","body-navigation","รีวิว Geely EX2 สเปกไทย: รถไฟฟ้าซิตี้คาร์ขับหลัง ช่วงล่างหลังอิสระ Multi-link คุ้มค่าน่าใช้แค่ไหน? | EVSELECT","",""
"/articles","รีวิว Geely EX2 สเปกไทย: รถไฟฟ้าซิตี้คาร์ขับหลัง ช่วงล่างหลังอิสระ Multi-link ที่ยกระดับมาตรฐานรถเล็กในเมือง","/articles/geely-ex2-review","body-navigation","รีวิว Geely EX2 สเปกไทย: รถไฟฟ้าซิตี้คาร์ขับหลัง ช่วงล่างหลังอิสระ Multi-link คุ้มค่าน่าใช้แค่ไหน? | EVSELECT","",""
"/articles","อ่านรีวิวฉบับเต็ม","/articles/geely-ex2-review","body-navigation","รีวิว Geely EX2 สเปกไทย: รถไฟฟ้าซิตี้คาร์ขับหลัง ช่วงล่างหลังอิสระ Multi-link คุ้มค่าน่าใช้แค่ไหน? | EVSELECT","",""
"/articles","ระบบช่วงล่าง30 นาทีระบบช่วงล่างและสมรรถนะ","/articles/ev-carbon-ceramic-brakes-guide","body-navigation","Carbon Ceramic คุ้มไหม? ก่อนจ่ายหลักแสนอัปเกรดเบรก EV | EVSELECT","",""
"/articles","Carbon Ceramic คุ้มไหม? ก่อนจ่ายหลักแสนอัปเกรดเบรก EV","/articles/ev-carbon-ceramic-brakes-guide","body-navigation","Carbon Ceramic คุ้มไหม? ก่อนจ่ายหลักแสนอัปเกรดเบรก EV | EVSELECT","",""
"/articles","อ่านบทความฉบับเต็ม","/articles/ev-carbon-ceramic-brakes-guide","body-navigation","Carbon Ceramic คุ้มไหม? ก่อนจ่ายหลักแสนอัปเกรดเบรก EV | EVSELECT","",""
"/articles","ระบบช่วงล่าง10 นาทีระบบช่วงล่างและสมรรถนะ","/articles/ev-performance-driving-techniques","body-navigation","สอนเทคนิคขับรถ EV แบบเข้าใจง่าย: ฉบับนักเล่าเรื่อง (เหมาะกับทุกคน) | EVSELECT","",""
"/articles","เทคนิคการขับขี่รถ EV สมรรถนะสูง: Weight Transfer, Trail Braking และการควบคุม Instant Torque บนแทร็กและโค้ง","/articles/ev-performance-driving-techniques","body-navigation","สอนเทคนิคขับรถ EV แบบเข้าใจง่าย: ฉบับนักเล่าเรื่อง (เหมาะกับทุกคน) | EVSELECT","",""
"/articles","อ่านบทความฉบับเต็ม","/articles/ev-performance-driving-techniques","body-navigation","สอนเทคนิคขับรถ EV แบบเข้าใจง่าย: ฉบับนักเล่าเรื่อง (เหมาะกับทุกคน) | EVSELECT","",""
"/articles","ระบบช่วงล่าง9 นาทีระบบช่วงล่างและสมรรถนะ","/articles/hybrid-to-ev-chassis-dynamics-transition","body-navigation","เจาะลึกการเปลี่ยนผ่านจาก Hybrid สู่ Full EV: พลศาสตร์แชสซี, การกระจายน้ำหนัก และฟีลลิ่งการขับขี่ | EVSELECT","",""
"/articles","การเปลี่ยนผ่านจาก Hybrid สู่ EV: พลศาสตร์แชสซี จุดศูนย์ถ่วง (CoG) และ Polar Moment of Inertia","/articles/hybrid-to-ev-chassis-dynamics-transition","body-navigation","เจาะลึกการเปลี่ยนผ่านจาก Hybrid สู่ Full EV: พลศาสตร์แชสซี, การกระจายน้ำหนัก และฟีลลิ่งการขับขี่ | EVSELECT","",""
"/articles","อ่านบทความฉบับเต็ม","/articles/hybrid-to-ev-chassis-dynamics-transition","body-navigation","เจาะลึกการเปลี่ยนผ่านจาก Hybrid สู่ Full EV: พลศาสตร์แชสซี, การกระจายน้ำหนัก และฟีลลิ่งการขับขี่ | EVSELECT","",""
"/articles","ระบบช่วงล่าง8 นาทีระบบช่วงล่างและสมรรถนะ","/articles/ev-horsepower-vs-torque-explained","body-navigation","แรงม้า vs แรงบิด ในมอเตอร์ไฟฟ้า: ทำไม EV ถึงออกตัวเร็วกว่า แต่ปลายเหี่ยว? เจาะลึกกราฟไดโน่และเกียร์ทดเดี่ยว | EVSELECT","",""
"/articles","แรงม้า vs แรงบิดในรถยนต์ไฟฟ้า (EV Power Band): ทำไมแรงบิดมหาศาลที่ 0 RPM ถึงเปลี่ยนพฤติกรรมช่วงล่าง?","/articles/ev-horsepower-vs-torque-explained","body-navigation","แรงม้า vs แรงบิด ในมอเตอร์ไฟฟ้า: ทำไม EV ถึงออกตัวเร็วกว่า แต่ปลายเหี่ยว? เจาะลึกกราฟไดโน่และเกียร์ทดเดี่ยว | EVSELECT","",""
"/articles","อ่านบทความฉบับเต็ม","/articles/ev-horsepower-vs-torque-explained","body-navigation","แรงม้า vs แรงบิด ในมอเตอร์ไฟฟ้า: ทำไม EV ถึงออกตัวเร็วกว่า แต่ปลายเหี่ยว? เจาะลึกกราฟไดโน่และเกียร์ทดเดี่ยว | EVSELECT","",""
"/articles","ระบบช่วงล่าง11 นาทีระบบช่วงล่างและสมรรถนะ","/articles/ev-camber-adjustment-wheel-alignment-guide","body-navigation","การตั้งมุมแคมเบอร์ (Camber) และศูนย์ล้อสำหรับรถ EV: หน้าสัมผัสยาง โรลเซนเตอร์ และการเข้าโค้งตามหลัก OptimumG | EVSELECT","",""
"/articles","คู่มือการตั้งมุมแคมเบอร์ (Camber) และศูนย์ล้อรถ EV: Static vs Dynamic Camber และการคุม Contact Patch","/articles/ev-camber-adjustment-wheel-alignment-guide","body-navigation","การตั้งมุมแคมเบอร์ (Camber) และศูนย์ล้อสำหรับรถ EV: หน้าสัมผัสยาง โรลเซนเตอร์ และการเข้าโค้งตามหลัก OptimumG | EVSELECT","",""
"/articles","อ่านบทความฉบับเต็ม","/articles/ev-camber-adjustment-wheel-alignment-guide","body-navigation","การตั้งมุมแคมเบอร์ (Camber) และศูนย์ล้อสำหรับรถ EV: หน้าสัมผัสยาง โรลเซนเตอร์ และการเข้าโค้งตามหลัก OptimumG | EVSELECT","",""
"/articles","ระบบช่วงล่างคู่มือฉบับเต็มระบบช่วงล่างและสมรรถนะ","/articles/ev-damper-tuning-bump-rebound-guide","body-navigation","ซื้อโช้คหลักแสน ทำไมยังไม่จบ!? เข้าใจโช้คสตรัทปรับเกลียว | EVSELECT","",""
"/articles","ซื้อโช้คหลักแสน ทำไมยังไม่จบ!?","/articles/ev-damper-tuning-bump-rebound-guide","body-navigation","ซื้อโช้คหลักแสน ทำไมยังไม่จบ!? เข้าใจโช้คสตรัทปรับเกลียว | EVSELECT","",""
"/articles","อ่านบทความฉบับเต็ม","/articles/ev-damper-tuning-bump-rebound-guide","body-navigation","ซื้อโช้คหลักแสน ทำไมยังไม่จบ!? เข้าใจโช้คสตรัทปรับเกลียว | EVSELECT","",""
"/articles","ระบบช่วงล่าง10 นาทีระบบช่วงล่างและสมรรถนะ","/articles/shock-absorber-types-monotube-twintube-air-ev","body-navigation","เจาะลึกประเภทโช้คอัพ: Monotube vs Twin-tube vs Inverted vs ถุงลมอัจฉริยะ (Air Suspension) สำหรับรถ EV | EVSELECT","",""
"/articles","เจาะลึกประเภทโช้คอัพสำหรับรถยนต์ไฟฟ้า: Monotube vs Twin-tube vs Air Suspension","/articles/shock-absorber-types-monotube-twintube-air-ev","body-navigation","เจาะลึกประเภทโช้คอัพ: Monotube vs Twin-tube vs Inverted vs ถุงลมอัจฉริยะ (Air Suspension) สำหรับรถ EV | EVSELECT","",""
"/articles","อ่านบทความฉบับเต็ม","/articles/shock-absorber-types-monotube-twintube-air-ev","body-navigation","เจาะลึกประเภทโช้คอัพ: Monotube vs Twin-tube vs Inverted vs ถุงลมอัจฉริยะ (Air Suspension) สำหรับรถ EV | EVSELECT","",""
"/articles","ระบบช่วงล่าง9 นาทีระบบช่วงล่างและสมรรถนะ","/articles/optimizing-ev-suspension-thai-roads","body-navigation","การเซ็ตติ้งช่วงล่างรถ EV ให้สมบูรณ์แบบบนถนนเมืองไทย: รอยต่อสะพาน คอสะพานทรุด ลูกระนาด และน้ำท่วมขัง | EVSELECT","",""
"/articles","การเซ็ตติ้งช่วงล่างรถ EV ให้สมบูรณ์แบบบนถนนเมืองไทย: รอยต่อคอสะพาน ลอนคลื่น และลูกระนาด","/articles/optimizing-ev-suspension-thai-roads","body-navigation","การเซ็ตติ้งช่วงล่างรถ EV ให้สมบูรณ์แบบบนถนนเมืองไทย: รอยต่อสะพาน คอสะพานทรุด ลูกระนาด และน้ำท่วมขัง | EVSELECT","",""
"/articles","อ่านบทความฉบับเต็ม","/articles/optimizing-ev-suspension-thai-roads","body-navigation","การเซ็ตติ้งช่วงล่างรถ EV ให้สมบูรณ์แบบบนถนนเมืองไทย: รอยต่อสะพาน คอสะพานทรุด ลูกระนาด และน้ำท่วมขัง | EVSELECT","",""
"/articles","ระบบช่วงล่าง12 นาทีระบบช่วงล่างและสมรรถนะ","/articles/ev-tyre-and-coilover-selection-guide","body-navigation","คู่มือการเลือกซื้อยาง (EV Tyres) และสตรัทปรับเกลียว (Coilovers) สำหรับรถ EV: สเปก, ค่าสปริงเรท, โหลดอินเด็กซ์ และการเลือกใช้งาน | EVSELECT","",""
"/articles","คู่มือการเลือกยางและชุดสตรัทปรับเกลียว (Coilovers) สำหรับรถ EV: สเปก High Load (HL) และ Spring Rate","/articles/ev-tyre-and-coilover-selection-guide","body-navigation","คู่มือการเลือกซื้อยาง (EV Tyres) และสตรัทปรับเกลียว (Coilovers) สำหรับรถ EV: สเปก, ค่าสปริงเรท, โหลดอินเด็กซ์ และการเลือกใช้งาน | EVSELECT","",""
"/articles","อ่านบทความฉบับเต็ม","/articles/ev-tyre-and-coilover-selection-guide","body-navigation","คู่มือการเลือกซื้อยาง (EV Tyres) และสตรัทปรับเกลียว (Coilovers) สำหรับรถ EV: สเปก, ค่าสปริงเรท, โหลดอินเด็กซ์ และการเลือกใช้งาน | EVSELECT","",""
"/articles","คู่มือ & ทริค4 นาทีคู่มือและเทคนิค","/articles/ev-battery-care","body-navigation","5 วิธีดูแลแบตเตอรี่รถ EV ให้เสื่อมช้าลง และใช้ได้นานเกิน 10 ปี | EVSELECT","",""
"/articles","5 วิธีดูแลแบตเตอรี่รถ EV ให้เสื่อมช้าลง และใช้ได้นานเกิน 10 ปี","/articles/ev-battery-care","body-navigation","5 วิธีดูแลแบตเตอรี่รถ EV ให้เสื่อมช้าลง และใช้ได้นานเกิน 10 ปี | EVSELECT","",""
"/articles","อ่านบทความฉบับเต็ม","/articles/ev-battery-care","body-navigation","5 วิธีดูแลแบตเตอรี่รถ EV ให้เสื่อมช้าลง และใช้ได้นานเกิน 10 ปี | EVSELECT","",""
"/articles","ดูรีวิวรถ EV","/articles?category=reviews","body-navigation","บทความและรีวิวรถยนต์ไฟฟ้า EV สเปกไทยฉบับเจาะลึก | EVSELECT","",""
"/articles","ส่งคำถามให้ทีม EVSELECT","/contact","body-navigation","ติดต่อเรา | EVSELECT","",""
"/articles","สถานะการเปิดตัวสินค้า","/#launch","navigation","EVSELECT | รีวิวรถ EV และอุปกรณ์เสริมสำหรับคนรักรถ","",""
"/articles","ติดต่อ EVSELECT","/contact","navigation","ติดต่อเรา | EVSELECT","",""
"/articles","อ่านนโยบายบทความ","/editorial-policy","navigation","นโยบายบรรณาธิการ | EVSELECT","",""
"/articles/byd-atto-3-review","หน้าแรก","/","navigation","EVSELECT | รีวิวรถ EV และอุปกรณ์เสริมสำหรับคนรักรถ","",""
"/articles/byd-atto-3-review","เริ่มจากสิ่งที่กำลังตัดสินใจ","/#choose-your-path","navigation","EVSELECT | รีวิวรถ EV และอุปกรณ์เสริมสำหรับคนรักรถ","",""
"/articles/byd-atto-3-review","รีวิวรถ EV","/articles?category=reviews","navigation","บทความและรีวิวรถยนต์ไฟฟ้า EV สเปกไทยฉบับเจาะลึก | EVSELECT","",""
"/articles/byd-atto-3-review","ติดตามการเปิดตัวสินค้า","/#launch","navigation","EVSELECT | รีวิวรถ EV และอุปกรณ์เสริมสำหรับคนรักรถ","",""
"/articles/byd-atto-3-review","บทความและคู่มือ EV","/articles","navigation","บทความและรีวิวรถยนต์ไฟฟ้า EV สเปกไทยฉบับเจาะลึก | EVSELECT","",""
"/articles/byd-atto-3-review","นโยบายบทความ","/editorial-policy","navigation","นโยบายบรรณาธิการ | EVSELECT","",""
"/articles/byd-atto-3-review","ติดต่อ EVSELECT","/contact","navigation","ติดต่อเรา | EVSELECT","",""
"/articles/byd-atto-3-review","บอกรุ่นรถที่คุณใช้","/contact","navigation","ติดต่อเรา | EVSELECT","",""
"/articles/byd-atto-3-review","EVSELECT EVSELECT - DRIVE BETTER. SELECT SMARTER.","/","navigation","EVSELECT | รีวิวรถ EV และอุปกรณ์เสริมสำหรับคนรักรถ","",""
"/articles/byd-atto-3-review","เตรียมเปิดตัว","/#launch","navigation","EVSELECT | รีวิวรถ EV และอุปกรณ์เสริมสำหรับคนรักรถ","",""
"/articles/byd-atto-3-review","บทความ EV","/articles","navigation","บทความและรีวิวรถยนต์ไฟฟ้า EV สเปกไทยฉบับเจาะลึก | EVSELECT","",""
"/articles/byd-atto-3-review","กำลังเปิดตัว","/#launch","navigation","EVSELECT | รีวิวรถ EV และอุปกรณ์เสริมสำหรับคนรักรถ","",""
"/articles/byd-atto-3-review","กลับไปหน้ารวมบทความและรีวิวรถยนต์ไฟฟ้า","/articles","navigation","บทความและรีวิวรถยนต์ไฟฟ้า EV สเปกไทยฉบับเจาะลึก | EVSELECT","",""
"/articles/byd-atto-3-review","แจ้งความสนใจสำหรับ BYD Atto 3","/contact","body-navigation","ติดต่อเรา | EVSELECT","",""
"/articles/byd-atto-3-review","ค้นหาตามรุ่นรถ","/#vehicle-finder","body-navigation","EVSELECT | รีวิวรถ EV และอุปกรณ์เสริมสำหรับคนรักรถ","",""
"/articles/byd-atto-3-review","บอกรุ่นรถที่คุณใช้","/contact","body-navigation","ติดต่อเรา | EVSELECT","",""
"/articles/byd-atto-3-review","ดูทั้งหมด","/articles","body-navigation","บทความและรีวิวรถยนต์ไฟฟ้า EV สเปกไทยฉบับเจาะลึก | EVSELECT","",""
"/articles/byd-atto-3-review","BYD FamilyEV Reviewรีวิว BYD Seal สเปกไทย 3 รุ่นย่อย: สปอร์ตซีดานไฟฟ้า 530 แรงม้าเจาะลึกสมรรถนะ 0-100 ใน 3.8 วิ แชสซี CTB เหนียวแน่น และโช้ค FSD","/articles/byd-seal-review","body-navigation","รีวิว BYD Seal สเปกไทย 3 รุ่นย่อย (Dynamic / Premium / AWD Performance): สปอร์ตซีดานไฟฟ้า 530 แรงม้า | EVSELECT","",""
"/articles/byd-atto-3-review","Hot HatchEV Reviewรีวิว MG4 Electric สเปกไทย: ขับหลัง 50:50 แฮทช์แบ็กไฟฟ้าที่ขับสนุกที่สุดทดสอบสมรรถนะช่วงล่าง 5-Link การชาร์จ DC 140 kW และตัวแรง XPOWER","/articles/mg4-electric-review","body-navigation","รีวิว MG4 Electric สเปกไทย (Standard / Long Range / XPOWER): ขับหลัง 50:50 แฮทช์แบ็กไฟฟ้าที่ขับสนุกที่สุด | EVSELECT","",""
"/articles/byd-atto-3-review","SUV RivalEV Reviewรีวิว Deepal S07 สเปกไทย: สมาร์ทเอสยูวีพรีเมียม ประตูไร้กรอบ ขับหลังเจาะลึกดีไซน์สุดล้ำ ชิป Snapdragon 8155 และความนุ่มนวลบนถนนเมืองไทย","/articles/deepal-s07-review","body-navigation","รีวิว Changan Deepal S07 สเปกไทย: เอสยูวีไฟฟ้าไซเบอร์พังก์ ออปชันหรู ม่านบังแดดไฟฟ้าสู้แดดไทย | EVSELECT","",""
"/articles/byd-atto-3-review","ดูบทความและรีวิวทั้งหมด","/articles","navigation","บทความและรีวิวรถยนต์ไฟฟ้า EV สเปกไทยฉบับเจาะลึก | EVSELECT","",""
"/articles/byd-atto-3-review","สถานะการเปิดตัวสินค้า","/#launch","navigation","EVSELECT | รีวิวรถ EV และอุปกรณ์เสริมสำหรับคนรักรถ","",""
"/articles/byd-atto-3-review","ติดต่อ EVSELECT","/contact","navigation","ติดต่อเรา | EVSELECT","",""
"/articles/byd-atto-3-review","อ่านนโยบายบทความ","/editorial-policy","navigation","นโยบายบรรณาธิการ | EVSELECT","",""
"/articles/byd-seal-review","หน้าแรก","/","navigation","EVSELECT | รีวิวรถ EV และอุปกรณ์เสริมสำหรับคนรักรถ","",""
"/articles/byd-seal-review","เริ่มจากสิ่งที่กำลังตัดสินใจ","/#choose-your-path","navigation","EVSELECT | รีวิวรถ EV และอุปกรณ์เสริมสำหรับคนรักรถ","",""
"/articles/byd-seal-review","รีวิวรถ EV","/articles?category=reviews","navigation","บทความและรีวิวรถยนต์ไฟฟ้า EV สเปกไทยฉบับเจาะลึก | EVSELECT","",""
"/articles/byd-seal-review","ติดตามการเปิดตัวสินค้า","/#launch","navigation","EVSELECT | รีวิวรถ EV และอุปกรณ์เสริมสำหรับคนรักรถ","",""
"/articles/byd-seal-review","บทความและคู่มือ EV","/articles","navigation","บทความและรีวิวรถยนต์ไฟฟ้า EV สเปกไทยฉบับเจาะลึก | EVSELECT","",""
"/articles/byd-seal-review","นโยบายบทความ","/editorial-policy","navigation","นโยบายบรรณาธิการ | EVSELECT","",""
"/articles/byd-seal-review","ติดต่อ EVSELECT","/contact","navigation","ติดต่อเรา | EVSELECT","",""
"/articles/byd-seal-review","บอกรุ่นรถที่คุณใช้","/contact","navigation","ติดต่อเรา | EVSELECT","",""
"/articles/byd-seal-review","EVSELECT EVSELECT - DRIVE BETTER. SELECT SMARTER.","/","navigation","EVSELECT | รีวิวรถ EV และอุปกรณ์เสริมสำหรับคนรักรถ","",""
"/articles/byd-seal-review","เตรียมเปิดตัว","/#launch","navigation","EVSELECT | รีวิวรถ EV และอุปกรณ์เสริมสำหรับคนรักรถ","",""
"/articles/byd-seal-review","บทความ EV","/articles","navigation","บทความและรีวิวรถยนต์ไฟฟ้า EV สเปกไทยฉบับเจาะลึก | EVSELECT","",""
"/articles/byd-seal-review","กำลังเปิดตัว","/#launch","navigation","EVSELECT | รีวิวรถ EV และอุปกรณ์เสริมสำหรับคนรักรถ","",""
"/articles/byd-seal-review","กลับไปหน้ารวมบทความและรีวิวรถยนต์ไฟฟ้า","/articles","navigation","บทความและรีวิวรถยนต์ไฟฟ้า EV สเปกไทยฉบับเจาะลึก | EVSELECT","",""
"/articles/byd-seal-review","แจ้งความสนใจสำหรับ BYD Seal","/contact","body-navigation","ติดต่อเรา | EVSELECT","",""
"/articles/byd-seal-review","ค้นหาตามรุ่นรถ","/#vehicle-finder","body-navigation","EVSELECT | รีวิวรถ EV และอุปกรณ์เสริมสำหรับคนรักรถ","",""
"/articles/byd-seal-review","บอกรุ่นรถที่คุณใช้","/contact","body-navigation","ติดต่อเรา | EVSELECT","",""
"/articles/byd-seal-review","ดูทั้งหมด","/articles","body-navigation","บทความและรีวิวรถยนต์ไฟฟ้า EV สเปกไทยฉบับเจาะลึก | EVSELECT","",""
"/articles/byd-seal-review","คู่แข่งโดยตรงEV Reviewรีวิว Tesla Model 3 Highland สเปกไทย ปรับปรุงใหม่ นุ่ม เงียบ พรีเมียมขึ้นแค่ไหน?ทดสอบสมรรถนะและเปรียบเทียบจุดเด่นจุดด้อยกับ BYD Seal บนถนนเมืองไทย","/articles/tesla-model-3-highland-review","body-navigation","Tesla Model 3 Highland สเปกไทย: เทียบ 4 รุ่น ราคาและอุปกรณ์ล่าสุด | EVSELECT","",""
"/articles/byd-seal-review","BYD FamilyEV Reviewรีวิว BYD Atto 3 สเปกไทย: คอมแพกต์เอสยูวีไฟฟ้ายอดนิยม คุ้มค่าน่าใช้แค่ไหน?เจาะลึกความนุ่มนวล ความกว้างขวาง และความคุ้มค่าหลังปรับลดราคาพิเศษ","/articles/byd-atto-3-review","body-navigation","รีวิว BYD Atto 3 สเปกไทย (MY2024-2026): คอมแพกต์เอสยูวีไฟฟ้ายอดนิยม คุ้มค่าน่าใช้แค่ไหน? | EVSELECT","",""
"/articles/byd-seal-review","Luxury EVFlagship Reviewรีวิว ZEEKR 009 สเปกไทย 3 รุ่นย่อย: อัลตร้าลักชัวรีเอ็มพีวี 603 แรงม้าท้าชน Toyota Alphard ด้วยช่วงล่างถุงลมอัจฉริยะและเบาะ Sofaro First Class","/articles/zeekr-009-review","body-navigation","รีวิว ZEEKR 009 สเปกไทย 3 รุ่นย่อย: อัลตร้าลักชัวรีเอ็มพีวี 603 แรงม้า ท้าชน Toyota Alphard | EVSELECT","",""
"/articles/byd-seal-review","ดูบทความและรีวิวทั้งหมด","/articles","navigation","บทความและรีวิวรถยนต์ไฟฟ้า EV สเปกไทยฉบับเจาะลึก | EVSELECT","",""
"/articles/byd-seal-review","สถานะการเปิดตัวสินค้า","/#launch","navigation","EVSELECT | รีวิวรถ EV และอุปกรณ์เสริมสำหรับคนรักรถ","",""
"/articles/byd-seal-review","ติดต่อ EVSELECT","/contact","navigation","ติดต่อเรา | EVSELECT","",""
"/articles/byd-seal-review","อ่านนโยบายบทความ","/editorial-policy","navigation","นโยบายบรรณาธิการ | EVSELECT","",""
"/articles/deepal-s05-review","หน้าแรก","/","navigation","EVSELECT | รีวิวรถ EV และอุปกรณ์เสริมสำหรับคนรักรถ","",""
"/articles/deepal-s05-review","เริ่มจากสิ่งที่กำลังตัดสินใจ","/#choose-your-path","navigation","EVSELECT | รีวิวรถ EV และอุปกรณ์เสริมสำหรับคนรักรถ","",""
"/articles/deepal-s05-review","รีวิวรถ EV","/articles?category=reviews","navigation","บทความและรีวิวรถยนต์ไฟฟ้า EV สเปกไทยฉบับเจาะลึก | EVSELECT","",""
"/articles/deepal-s05-review","ติดตามการเปิดตัวสินค้า","/#launch","navigation","EVSELECT | รีวิวรถ EV และอุปกรณ์เสริมสำหรับคนรักรถ","",""
"/articles/deepal-s05-review","บทความและคู่มือ EV","/articles","navigation","บทความและรีวิวรถยนต์ไฟฟ้า EV สเปกไทยฉบับเจาะลึก | EVSELECT","",""
"/articles/deepal-s05-review","นโยบายบทความ","/editorial-policy","navigation","นโยบายบรรณาธิการ | EVSELECT","",""
"/articles/deepal-s05-review","ติดต่อ EVSELECT","/contact","navigation","ติดต่อเรา | EVSELECT","",""
"/articles/deepal-s05-review","บอกรุ่นรถที่คุณใช้","/contact","navigation","ติดต่อเรา | EVSELECT","",""
"/articles/deepal-s05-review","EVSELECT EVSELECT - DRIVE BETTER. SELECT SMARTER.","/","navigation","EVSELECT | รีวิวรถ EV และอุปกรณ์เสริมสำหรับคนรักรถ","",""
"/articles/deepal-s05-review","เตรียมเปิดตัว","/#launch","navigation","EVSELECT | รีวิวรถ EV และอุปกรณ์เสริมสำหรับคนรักรถ","",""
"/articles/deepal-s05-review","บทความ EV","/articles","navigation","บทความและรีวิวรถยนต์ไฟฟ้า EV สเปกไทยฉบับเจาะลึก | EVSELECT","",""
"/articles/deepal-s05-review","กำลังเปิดตัว","/#launch","navigation","EVSELECT | รีวิวรถ EV และอุปกรณ์เสริมสำหรับคนรักรถ","",""
"/articles/deepal-s05-review","กลับไปหน้ารวมบทความและรีวิวรถยนต์ไฟฟ้า","/articles","navigation","บทความและรีวิวรถยนต์ไฟฟ้า EV สเปกไทยฉบับเจาะลึก | EVSELECT","",""
"/articles/deepal-s05-review","แจ้งความสนใจสำหรับ Deepal S05","/contact","body-navigation","ติดต่อเรา | EVSELECT","",""
"/articles/deepal-s05-review","ค้นหาตามรุ่นรถ","/#vehicle-finder","body-navigation","EVSELECT | รีวิวรถ EV และอุปกรณ์เสริมสำหรับคนรักรถ","",""
"/articles/deepal-s05-review","บอกรุ่นรถที่คุณใช้","/contact","body-navigation","ติดต่อเรา | EVSELECT","",""
"/articles/deepal-s05-review","ดูทั้งหมด","/articles","body-navigation","บทความและรีวิวรถยนต์ไฟฟ้า EV สเปกไทยฉบับเจาะลึก | EVSELECT","",""
"/articles/deepal-s05-review","D-Segment SUVIn-Depth Reviewรีวิว Changan Deepal S07: มอเตอร์ 258 แรงม้า ม่านบังแดดไฟฟ้าสู้แดดไทยเจาะลึกเอสยูวีไฟฟ้ารุ่นพี่ ออปชันหรูหรา และการชาร์จ DC 167 kW","/articles/deepal-s07-review","body-navigation","รีวิว Changan Deepal S07 สเปกไทย: เอสยูวีไฟฟ้าไซเบอร์พังก์ ออปชันหรู ม่านบังแดดไฟฟ้าสู้แดดไทย | EVSELECT","",""
"/articles/deepal-s05-review","Urban City EVIn-Depth Reviewรีวิว Geely EX2 สเปกไทย: รถไฟฟ้าซิตี้คาร์ขับหลัง ช่วงล่างหลังอิสระ Multi-linkสัมผัสแรกกับซิตี้คาร์ไฟฟ้าขับหลัง 116 แรงม้า ที่นุ่มนวลที่สุดในงบ 4 แสนบาท","/articles/geely-ex2-review","body-navigation","รีวิว Geely EX2 สเปกไทย: รถไฟฟ้าซิตี้คาร์ขับหลัง ช่วงล่างหลังอิสระ Multi-link คุ้มค่าน่าใช้แค่ไหน? | EVSELECT","",""
"/articles/deepal-s05-review","Editorial GuideTips & Guide5 วิธีดูแลแบตเตอรี่รถ EV ให้เสื่อมช้าลง และใช้ได้นานเกิน 10 ปีเทคนิคการชาร์จที่ถูกต้อง การตั้ง Limit และพฤติกรรมถนอมแบตเตอรี่รถยนต์ไฟฟ้า","/articles/ev-battery-care","body-navigation","5 วิธีดูแลแบตเตอรี่รถ EV ให้เสื่อมช้าลง และใช้ได้นานเกิน 10 ปี | EVSELECT","",""
"/articles/deepal-s05-review","ดูบทความและรีวิวทั้งหมด","/articles","navigation","บทความและรีวิวรถยนต์ไฟฟ้า EV สเปกไทยฉบับเจาะลึก | EVSELECT","",""
"/articles/deepal-s05-review","สถานะการเปิดตัวสินค้า","/#launch","navigation","EVSELECT | รีวิวรถ EV และอุปกรณ์เสริมสำหรับคนรักรถ","",""
"/articles/deepal-s05-review","ติดต่อ EVSELECT","/contact","navigation","ติดต่อเรา | EVSELECT","",""
"/articles/deepal-s05-review","อ่านนโยบายบทความ","/editorial-policy","navigation","นโยบายบรรณาธิการ | EVSELECT","",""
"/articles/deepal-s07-review","หน้าแรก","/","navigation","EVSELECT | รีวิวรถ EV และอุปกรณ์เสริมสำหรับคนรักรถ","",""
"/articles/deepal-s07-review","เริ่มจากสิ่งที่กำลังตัดสินใจ","/#choose-your-path","navigation","EVSELECT | รีวิวรถ EV และอุปกรณ์เสริมสำหรับคนรักรถ","",""
"/articles/deepal-s07-review","รีวิวรถ EV","/articles?category=reviews","navigation","บทความและรีวิวรถยนต์ไฟฟ้า EV สเปกไทยฉบับเจาะลึก | EVSELECT","",""
"/articles/deepal-s07-review","ติดตามการเปิดตัวสินค้า","/#launch","navigation","EVSELECT | รีวิวรถ EV และอุปกรณ์เสริมสำหรับคนรักรถ","",""
"/articles/deepal-s07-review","บทความและคู่มือ EV","/articles","navigation","บทความและรีวิวรถยนต์ไฟฟ้า EV สเปกไทยฉบับเจาะลึก | EVSELECT","",""
"/articles/deepal-s07-review","นโยบายบทความ","/editorial-policy","navigation","นโยบายบรรณาธิการ | EVSELECT","",""
"/articles/deepal-s07-review","ติดต่อ EVSELECT","/contact","navigation","ติดต่อเรา | EVSELECT","",""
"/articles/deepal-s07-review","บอกรุ่นรถที่คุณใช้","/contact","navigation","ติดต่อเรา | EVSELECT","",""
"/articles/deepal-s07-review","EVSELECT EVSELECT - DRIVE BETTER. SELECT SMARTER.","/","navigation","EVSELECT | รีวิวรถ EV และอุปกรณ์เสริมสำหรับคนรักรถ","",""
"/articles/deepal-s07-review","เตรียมเปิดตัว","/#launch","navigation","EVSELECT | รีวิวรถ EV และอุปกรณ์เสริมสำหรับคนรักรถ","",""
"/articles/deepal-s07-review","บทความ EV","/articles","navigation","บทความและรีวิวรถยนต์ไฟฟ้า EV สเปกไทยฉบับเจาะลึก | EVSELECT","",""
"/articles/deepal-s07-review","กำลังเปิดตัว","/#launch","navigation","EVSELECT | รีวิวรถ EV และอุปกรณ์เสริมสำหรับคนรักรถ","",""
"/articles/deepal-s07-review","กลับไปหน้ารวมบทความและรีวิวรถยนต์ไฟฟ้า","/articles","navigation","บทความและรีวิวรถยนต์ไฟฟ้า EV สเปกไทยฉบับเจาะลึก | EVSELECT","",""
"/articles/deepal-s07-review","แจ้งความสนใจสำหรับ Deepal S07","/contact","body-navigation","ติดต่อเรา | EVSELECT","",""
"/articles/deepal-s07-review","ค้นหาตามรุ่นรถ","/#vehicle-finder","body-navigation","EVSELECT | รีวิวรถ EV และอุปกรณ์เสริมสำหรับคนรักรถ","",""
"/articles/deepal-s07-review","บอกรุ่นรถที่คุณใช้","/contact","body-navigation","ติดต่อเรา | EVSELECT","",""
"/articles/deepal-s07-review","ดูทั้งหมด","/articles","body-navigation","บทความและรีวิวรถยนต์ไฟฟ้า EV สเปกไทยฉบับเจาะลึก | EVSELECT","",""
"/articles/deepal-s07-review","Smart Tech SUVIn-Depth Reviewรีวิว Changan Deepal S05: กล้อง 4K Gimbal ไฟหน้า DLP ฉายหนัง และ Frunk 159 ลิตรเจาะลึกเอสยูวีไฟฟ้าน้องใหม่สายแคมปิ้ง ออปชันไฮเทค และการชาร์จเร็ว 3C","/articles/deepal-s05-review","body-navigation","รีวิว Deepal S05 สเปกไทย: เอสยูวีสายแคมปิ้ง-Vlog กล้อง 4K บนหลังคา ไฟหน้าฉายหนัง Frunk หน้า 159L | EVSELECT","",""
"/articles/deepal-s07-review","Urban City EVIn-Depth Reviewรีวิว Geely EX2 สเปกไทย: รถไฟฟ้าซิตี้คาร์ขับหลัง ช่วงล่างหลังอิสระ Multi-linkสัมผัสแรกกับซิตี้คาร์ไฟฟ้าขับหลัง 116 แรงม้า ที่นุ่มนวลที่สุดในงบ 4 แสนบาท","/articles/geely-ex2-review","body-navigation","รีวิว Geely EX2 สเปกไทย: รถไฟฟ้าซิตี้คาร์ขับหลัง ช่วงล่างหลังอิสระ Multi-link คุ้มค่าน่าใช้แค่ไหน? | EVSELECT","",""
"/articles/deepal-s07-review","Editorial GuideTips & Guide5 วิธีดูแลแบตเตอรี่รถ EV ให้เสื่อมช้าลง และใช้ได้นานเกิน 10 ปีเทคนิคการชาร์จที่ถูกต้อง การตั้ง Limit และพฤติกรรมถนอมแบตเตอรี่รถยนต์ไฟฟ้า","/articles/ev-battery-care","body-navigation","5 วิธีดูแลแบตเตอรี่รถ EV ให้เสื่อมช้าลง และใช้ได้นานเกิน 10 ปี | EVSELECT","",""
"/articles/deepal-s07-review","ดูบทความและรีวิวทั้งหมด","/articles","navigation","บทความและรีวิวรถยนต์ไฟฟ้า EV สเปกไทยฉบับเจาะลึก | EVSELECT","",""
"/articles/deepal-s07-review","สถานะการเปิดตัวสินค้า","/#launch","navigation","EVSELECT | รีวิวรถ EV และอุปกรณ์เสริมสำหรับคนรักรถ","",""
"/articles/deepal-s07-review","ติดต่อ EVSELECT","/contact","navigation","ติดต่อเรา | EVSELECT","",""
"/articles/deepal-s07-review","อ่านนโยบายบทความ","/editorial-policy","navigation","นโยบายบรรณาธิการ | EVSELECT","",""
"/articles/ev-battery-care","หน้าแรก","/","navigation","EVSELECT | รีวิวรถ EV และอุปกรณ์เสริมสำหรับคนรักรถ","",""
"/articles/ev-battery-care","เริ่มจากสิ่งที่กำลังตัดสินใจ","/#choose-your-path","navigation","EVSELECT | รีวิวรถ EV และอุปกรณ์เสริมสำหรับคนรักรถ","",""
"/articles/ev-battery-care","รีวิวรถ EV","/articles?category=reviews","navigation","บทความและรีวิวรถยนต์ไฟฟ้า EV สเปกไทยฉบับเจาะลึก | EVSELECT","",""
"/articles/ev-battery-care","ติดตามการเปิดตัวสินค้า","/#launch","navigation","EVSELECT | รีวิวรถ EV และอุปกรณ์เสริมสำหรับคนรักรถ","",""
"/articles/ev-battery-care","บทความและคู่มือ EV","/articles","navigation","บทความและรีวิวรถยนต์ไฟฟ้า EV สเปกไทยฉบับเจาะลึก | EVSELECT","",""
"/articles/ev-battery-care","นโยบายบทความ","/editorial-policy","navigation","นโยบายบรรณาธิการ | EVSELECT","",""
"/articles/ev-battery-care","ติดต่อ EVSELECT","/contact","navigation","ติดต่อเรา | EVSELECT","",""
"/articles/ev-battery-care","บอกรุ่นรถที่คุณใช้","/contact","navigation","ติดต่อเรา | EVSELECT","",""
"/articles/ev-battery-care","EVSELECT EVSELECT - DRIVE BETTER. SELECT SMARTER.","/","navigation","EVSELECT | รีวิวรถ EV และอุปกรณ์เสริมสำหรับคนรักรถ","",""
"/articles/ev-battery-care","เตรียมเปิดตัว","/#launch","navigation","EVSELECT | รีวิวรถ EV และอุปกรณ์เสริมสำหรับคนรักรถ","",""
"/articles/ev-battery-care","บทความ EV","/articles","navigation","บทความและรีวิวรถยนต์ไฟฟ้า EV สเปกไทยฉบับเจาะลึก | EVSELECT","",""
"/articles/ev-battery-care","กำลังเปิดตัว","/#launch","navigation","EVSELECT | รีวิวรถ EV และอุปกรณ์เสริมสำหรับคนรักรถ","",""
"/articles/ev-battery-care","กลับไปหน้ารวมบทความและรีวิวรถยนต์ไฟฟ้า","/articles","navigation","บทความและรีวิวรถยนต์ไฟฟ้า EV สเปกไทยฉบับเจาะลึก | EVSELECT","",""
"/articles/ev-battery-care","บอกรุ่นรถที่อยากให้เราเตรียมข้อมูล","/contact","body-navigation","ติดต่อเรา | EVSELECT","",""
"/articles/ev-battery-care","ดูรีวิวทั้งหมด","/articles","body-navigation","บทความและรีวิวรถยนต์ไฟฟ้า EV สเปกไทยฉบับเจาะลึก | EVSELECT","",""
"/articles/ev-battery-care","D-Segment SUVEVSELECT Reviewsรีวิว Changan Deepal S07: มอเตอร์ 258 แรงม้า ม่านบังแดดไฟฟ้าสู้แดดไทยเจาะลึกเอสยูวีไฟฟ้ารุ่นพี่ ออปชันหรูหรา และการชาร์จ DC 167 kW","/articles/deepal-s07-review","body-navigation","รีวิว Changan Deepal S07 สเปกไทย: เอสยูวีไฟฟ้าไซเบอร์พังก์ ออปชันหรู ม่านบังแดดไฟฟ้าสู้แดดไทย | EVSELECT","",""
"/articles/ev-battery-care","Smart Tech SUVEVSELECT Reviewsรีวิว Changan Deepal S05: กล้อง 4K Gimbal ไฟหน้า DLP ฉายหนัง และ Frunk 159 ลิตรเจาะลึกเอสยูวีไฟฟ้าน้องใหม่สายแคมปิ้ง ออปชันไฮเทค และการชาร์จเร็ว 3C","/articles/deepal-s05-review","body-navigation","รีวิว Deepal S05 สเปกไทย: เอสยูวีสายแคมปิ้ง-Vlog กล้อง 4K บนหลังคา ไฟหน้าฉายหนัง Frunk หน้า 159L | EVSELECT","",""
"/articles/ev-battery-care","Urban City EVEVSELECT Reviewsรีวิว Geely EX2 สเปกไทย: รถไฟฟ้าซิตี้คาร์ขับหลัง ช่วงล่างหลังอิสระ Multi-linkสัมผัสแรกกับซิตี้คาร์ไฟฟ้าขับหลัง 116 แรงม้า ที่นุ่มนวลที่สุดในงบ 4 แสนบาท","/articles/geely-ex2-review","body-navigation","รีวิว Geely EX2 สเปกไทย: รถไฟฟ้าซิตี้คาร์ขับหลัง ช่วงล่างหลังอิสระ Multi-link คุ้มค่าน่าใช้แค่ไหน? | EVSELECT","",""
"/articles/ev-battery-care","ดูบทความและรีวิวทั้งหมด","/articles","navigation","บทความและรีวิวรถยนต์ไฟฟ้า EV สเปกไทยฉบับเจาะลึก | EVSELECT","",""
"/articles/ev-battery-care","สถานะการเปิดตัวสินค้า","/#launch","navigation","EVSELECT | รีวิวรถ EV และอุปกรณ์เสริมสำหรับคนรักรถ","",""
"/articles/ev-battery-care","ติดต่อ EVSELECT","/contact","navigation","ติดต่อเรา | EVSELECT","",""
"/articles/ev-battery-care","อ่านนโยบายบทความ","/editorial-policy","navigation","นโยบายบรรณาธิการ | EVSELECT","",""
"/articles/ev-camber-adjustment-wheel-alignment-guide","หน้าแรก","/","navigation","EVSELECT | รีวิวรถ EV และอุปกรณ์เสริมสำหรับคนรักรถ","",""
"/articles/ev-camber-adjustment-wheel-alignment-guide","เริ่มจากสิ่งที่กำลังตัดสินใจ","/#choose-your-path","navigation","EVSELECT | รีวิวรถ EV และอุปกรณ์เสริมสำหรับคนรักรถ","",""
"/articles/ev-camber-adjustment-wheel-alignment-guide","รีวิวรถ EV","/articles?category=reviews","navigation","บทความและรีวิวรถยนต์ไฟฟ้า EV สเปกไทยฉบับเจาะลึก | EVSELECT","",""
"/articles/ev-camber-adjustment-wheel-alignment-guide","ติดตามการเปิดตัวสินค้า","/#launch","navigation","EVSELECT | รีวิวรถ EV และอุปกรณ์เสริมสำหรับคนรักรถ","",""
"/articles/ev-camber-adjustment-wheel-alignment-guide","บทความและคู่มือ EV","/articles","navigation","บทความและรีวิวรถยนต์ไฟฟ้า EV สเปกไทยฉบับเจาะลึก | EVSELECT","",""
"/articles/ev-camber-adjustment-wheel-alignment-guide","นโยบายบทความ","/editorial-policy","navigation","นโยบายบรรณาธิการ | EVSELECT","",""
"/articles/ev-camber-adjustment-wheel-alignment-guide","ติดต่อ EVSELECT","/contact","navigation","ติดต่อเรา | EVSELECT","",""
"/articles/ev-camber-adjustment-wheel-alignment-guide","บอกรุ่นรถที่คุณใช้","/contact","navigation","ติดต่อเรา | EVSELECT","",""
"/articles/ev-camber-adjustment-wheel-alignment-guide","EVSELECT EVSELECT - DRIVE BETTER. SELECT SMARTER.","/","navigation","EVSELECT | รีวิวรถ EV และอุปกรณ์เสริมสำหรับคนรักรถ","",""
"/articles/ev-camber-adjustment-wheel-alignment-guide","เตรียมเปิดตัว","/#launch","navigation","EVSELECT | รีวิวรถ EV และอุปกรณ์เสริมสำหรับคนรักรถ","",""
"/articles/ev-camber-adjustment-wheel-alignment-guide","บทความ EV","/articles","navigation","บทความและรีวิวรถยนต์ไฟฟ้า EV สเปกไทยฉบับเจาะลึก | EVSELECT","",""
"/articles/ev-camber-adjustment-wheel-alignment-guide","กำลังเปิดตัว","/#launch","navigation","EVSELECT | รีวิวรถ EV และอุปกรณ์เสริมสำหรับคนรักรถ","",""
"/articles/ev-camber-adjustment-wheel-alignment-guide","กลับไปหน้ารวมบทความและคู่มือช่วงล่าง EV","/articles","navigation","บทความและรีวิวรถยนต์ไฟฟ้า EV สเปกไทยฉบับเจาะลึก | EVSELECT","",""
"/articles/ev-camber-adjustment-wheel-alignment-guide","ดูปีกนกปรับแคมเบอร์ตรงรุ่น","/","body-navigation","EVSELECT | รีวิวรถ EV และอุปกรณ์เสริมสำหรับคนรักรถ","",""
"/articles/ev-camber-adjustment-wheel-alignment-guide","ดูชุดอาร์มหลังปรับมุมล้อ","/","body-navigation","EVSELECT | รีวิวรถ EV และอุปกรณ์เสริมสำหรับคนรักรถ","",""
"/articles/ev-camber-adjustment-wheel-alignment-guide","กลับไปหน้ารวมบทความระบบช่วงล่าง","/articles","navigation","บทความและรีวิวรถยนต์ไฟฟ้า EV สเปกไทยฉบับเจาะลึก | EVSELECT","",""
"/articles/ev-camber-adjustment-wheel-alignment-guide","สถานะการเปิดตัวสินค้า","/#launch","navigation","EVSELECT | รีวิวรถ EV และอุปกรณ์เสริมสำหรับคนรักรถ","",""
"/articles/ev-camber-adjustment-wheel-alignment-guide","ติดต่อ EVSELECT","/contact","navigation","ติดต่อเรา | EVSELECT","",""
"/articles/ev-camber-adjustment-wheel-alignment-guide","อ่านนโยบายบทความ","/editorial-policy","navigation","นโยบายบรรณาธิการ | EVSELECT","",""
"/articles/ev-carbon-ceramic-brakes-guide","หน้าแรก","/","navigation","EVSELECT | รีวิวรถ EV และอุปกรณ์เสริมสำหรับคนรักรถ","",""
"/articles/ev-carbon-ceramic-brakes-guide","เริ่มจากสิ่งที่กำลังตัดสินใจ","/#choose-your-path","navigation","EVSELECT | รีวิวรถ EV และอุปกรณ์เสริมสำหรับคนรักรถ","",""
"/articles/ev-carbon-ceramic-brakes-guide","รีวิวรถ EV","/articles?category=reviews","navigation","บทความและรีวิวรถยนต์ไฟฟ้า EV สเปกไทยฉบับเจาะลึก | EVSELECT","",""
"/articles/ev-carbon-ceramic-brakes-guide","ติดตามการเปิดตัวสินค้า","/#launch","navigation","EVSELECT | รีวิวรถ EV และอุปกรณ์เสริมสำหรับคนรักรถ","",""
"/articles/ev-carbon-ceramic-brakes-guide","บทความและคู่มือ EV","/articles","navigation","บทความและรีวิวรถยนต์ไฟฟ้า EV สเปกไทยฉบับเจาะลึก | EVSELECT","",""
"/articles/ev-carbon-ceramic-brakes-guide","นโยบายบทความ","/editorial-policy","navigation","นโยบายบรรณาธิการ | EVSELECT","",""
"/articles/ev-carbon-ceramic-brakes-guide","ติดต่อ EVSELECT","/contact","navigation","ติดต่อเรา | EVSELECT","",""
"/articles/ev-carbon-ceramic-brakes-guide","บอกรุ่นรถที่คุณใช้","/contact","navigation","ติดต่อเรา | EVSELECT","",""
"/articles/ev-carbon-ceramic-brakes-guide","EVSELECT EVSELECT - DRIVE BETTER. SELECT SMARTER.","/","navigation","EVSELECT | รีวิวรถ EV และอุปกรณ์เสริมสำหรับคนรักรถ","",""
"/articles/ev-carbon-ceramic-brakes-guide","เตรียมเปิดตัว","/#launch","navigation","EVSELECT | รีวิวรถ EV และอุปกรณ์เสริมสำหรับคนรักรถ","",""
"/articles/ev-carbon-ceramic-brakes-guide","บทความ EV","/articles","navigation","บทความและรีวิวรถยนต์ไฟฟ้า EV สเปกไทยฉบับเจาะลึก | EVSELECT","",""
"/articles/ev-carbon-ceramic-brakes-guide","กำลังเปิดตัว","/#launch","navigation","EVSELECT | รีวิวรถ EV และอุปกรณ์เสริมสำหรับคนรักรถ","",""
"/articles/ev-carbon-ceramic-brakes-guide","กลับไปบทความและคู่มือ EV","/articles","body-navigation","บทความและรีวิวรถยนต์ไฟฟ้า EV สเปกไทยฉบับเจาะลึก | EVSELECT","",""
"/articles/ev-carbon-ceramic-brakes-guide","ดูเคส ENDLESS 375 mm","#japan","body-navigation","Carbon Ceramic คุ้มไหม? ก่อนจ่ายหลักแสนอัปเกรดเบรก EV | EVSELECT","",""
"/articles/ev-carbon-ceramic-brakes-guide","กดเทียบ 3 แนวทางเบรก →","#brand-compare","body-navigation","Carbon Ceramic คุ้มไหม? ก่อนจ่ายหลักแสนอัปเกรดเบรก EV | EVSELECT","",""
"/articles/ev-carbon-ceramic-brakes-guide","01เริ่มจากอาการและเป้าหมาย","#quick-choice","navigation","Carbon Ceramic คุ้มไหม? ก่อนจ่ายหลักแสนอัปเกรดเบรก EV | EVSELECT","",""
"/articles/ev-carbon-ceramic-brakes-guide","02ลองคำนวณภาระเบรก","#energy","navigation","Carbon Ceramic คุ้มไหม? ก่อนจ่ายหลักแสนอัปเกรดเบรก EV | EVSELECT","",""
"/articles/ev-carbon-ceramic-brakes-guide","03จานใหญ่และหนาช่วยอะไร","#disc-size","navigation","Carbon Ceramic คุ้มไหม? ก่อนจ่ายหลักแสนอัปเกรดเบรก EV | EVSELECT","",""
"/articles/ev-carbon-ceramic-brakes-guide","04จานเรียบ / เซาะร่อง / เจาะรู","#surface","navigation","Carbon Ceramic คุ้มไหม? ก่อนจ่ายหลักแสนอัปเกรดเบรก EV | EVSELECT","",""
"/articles/ev-carbon-ceramic-brakes-guide","05กี่แรงม้าควรใช้เบรกอะไร","#horsepower","navigation","Carbon Ceramic คุ้มไหม? ก่อนจ่ายหลักแสนอัปเกรดเบรก EV | EVSELECT","",""
"/articles/ev-carbon-ceramic-brakes-guide","06ลำดับอัปเกรดที่คุ้ม","#value","navigation","Carbon Ceramic คุ้มไหม? ก่อนจ่ายหลักแสนอัปเกรดเบรก EV | EVSELECT","",""
"/articles/ev-carbon-ceramic-brakes-guide","07เคส ENDLESS จาน 375 mm ของเจ้าของรถ","#japan","navigation","Carbon Ceramic คุ้มไหม? ก่อนจ่ายหลักแสนอัปเกรดเบรก EV | EVSELECT","",""
"/articles/ev-carbon-ceramic-brakes-guide","084 ชุดหน้าใหม่และราคาจากต้นทาง","#complete-kits","navigation","Carbon Ceramic คุ้มไหม? ก่อนจ่ายหลักแสนอัปเกรดเบรก EV | EVSELECT","",""
"/articles/ev-carbon-ceramic-brakes-guide","09กดเทียบ Performance / ราคา / ฝุ่น","#brand-compare","navigation","Carbon Ceramic คุ้มไหม? ก่อนจ่ายหลักแสนอัปเกรดเบรก EV | EVSELECT","",""
"/articles/ev-carbon-ceramic-brakes-guide","10Carbon Ceramic สำหรับสายสุด","#carbon-ceramic","navigation","Carbon Ceramic คุ้มไหม? ก่อนจ่ายหลักแสนอัปเกรดเบรก EV | EVSELECT","",""
"/articles/ev-carbon-ceramic-brakes-guide","11ถนนไทยกับคำกล่าว 1,000°C","#thai-roads","navigation","Carbon Ceramic คุ้มไหม? ก่อนจ่ายหลักแสนอัปเกรดเบรก EV | EVSELECT","",""
"/articles/ev-carbon-ceramic-brakes-guide","12พลังงานไม่ใช่อุณหภูมิ","#temperature","navigation","Carbon Ceramic คุ้มไหม? ก่อนจ่ายหลักแสนอัปเกรดเบรก EV | EVSELECT","",""
"/articles/ev-carbon-ceramic-brakes-guide","13เช็กลิสต์ก่อนซื้อ","#before-buying","navigation","Carbon Ceramic คุ้มไหม? ก่อนจ่ายหลักแสนอัปเกรดเบรก EV | EVSELECT","",""
"/articles/ev-carbon-ceramic-brakes-guide","14คำถามที่คนซื้อเบรกเจอบ่อย","#faq","navigation","Carbon Ceramic คุ้มไหม? ก่อนจ่ายหลักแสนอัปเกรดเบรก EV | EVSELECT","",""
"/articles/ev-carbon-ceramic-brakes-guide","เคสและขอบเขตราคาจากเจ้าของ","#japan","body-navigation","Carbon Ceramic คุ้มไหม? ก่อนจ่ายหลักแสนอัปเกรดเบรก EV | EVSELECT","",""
"/articles/ev-carbon-ceramic-brakes-guide","แยกราคาเฉพาะจานออกจากครบชุด","#carbon-ceramic","body-navigation","Carbon Ceramic คุ้มไหม? ก่อนจ่ายหลักแสนอัปเกรดเบรก EV | EVSELECT","",""
"/articles/ev-carbon-ceramic-brakes-guide","ดาวน์โหลดเช็กลิสต์ภาษาไทย ส่งให้ร้านก่อนซื้อ","/downloads/evselect-brake-shop-checklist.txt","body-navigation","","",""
"/articles/ev-carbon-ceramic-brakes-guide","ยางและช่วงล่าง: อีกส่วนของความมั่นใจเวลาเบรก","/articles/ev-tyre-and-coilover-selection-guide","body-navigation","คู่มือการเลือกซื้อยาง (EV Tyres) และสตรัทปรับเกลียว (Coilovers) สำหรับรถ EV: สเปก, ค่าสปริงเรท, โหลดอินเด็กซ์ และการเลือกใช้งาน | EVSELECT","",""
"/articles/ev-carbon-ceramic-brakes-guide","ซื้อโช้คหลักแสน ทำไมยังไม่จบ!? เลือกให้ตรงอาการ","/articles/ev-damper-tuning-bump-rebound-guide","body-navigation","ซื้อโช้คหลักแสน ทำไมยังไม่จบ!? เข้าใจโช้คสตรัทปรับเกลียว | EVSELECT","",""
"/articles/ev-carbon-ceramic-brakes-guide","อ่านบทความอื่น","/articles","navigation","บทความและรีวิวรถยนต์ไฟฟ้า EV สเปกไทยฉบับเจาะลึก | EVSELECT","",""
"/articles/ev-carbon-ceramic-brakes-guide","สถานะการเปิดตัวสินค้า","/#launch","navigation","EVSELECT | รีวิวรถ EV และอุปกรณ์เสริมสำหรับคนรักรถ","",""
"/articles/ev-carbon-ceramic-brakes-guide","ติดต่อ EVSELECT","/contact","navigation","ติดต่อเรา | EVSELECT","",""
"/articles/ev-carbon-ceramic-brakes-guide","อ่านนโยบายบทความ","/editorial-policy","navigation","นโยบายบรรณาธิการ | EVSELECT","",""
"/articles/ev-damper-tuning-bump-rebound-guide","หน้าแรก","/","navigation","EVSELECT | รีวิวรถ EV และอุปกรณ์เสริมสำหรับคนรักรถ","",""
"/articles/ev-damper-tuning-bump-rebound-guide","เริ่มจากสิ่งที่กำลังตัดสินใจ","/#choose-your-path","navigation","EVSELECT | รีวิวรถ EV และอุปกรณ์เสริมสำหรับคนรักรถ","",""
"/articles/ev-damper-tuning-bump-rebound-guide","รีวิวรถ EV","/articles?category=reviews","navigation","บทความและรีวิวรถยนต์ไฟฟ้า EV สเปกไทยฉบับเจาะลึก | EVSELECT","",""
"/articles/ev-damper-tuning-bump-rebound-guide","ติดตามการเปิดตัวสินค้า","/#launch","navigation","EVSELECT | รีวิวรถ EV และอุปกรณ์เสริมสำหรับคนรักรถ","",""
"/articles/ev-damper-tuning-bump-rebound-guide","บทความและคู่มือ EV","/articles","navigation","บทความและรีวิวรถยนต์ไฟฟ้า EV สเปกไทยฉบับเจาะลึก | EVSELECT","",""
"/articles/ev-damper-tuning-bump-rebound-guide","นโยบายบทความ","/editorial-policy","navigation","นโยบายบรรณาธิการ | EVSELECT","",""
"/articles/ev-damper-tuning-bump-rebound-guide","ติดต่อ EVSELECT","/contact","navigation","ติดต่อเรา | EVSELECT","",""
"/articles/ev-damper-tuning-bump-rebound-guide","บอกรุ่นรถที่คุณใช้","/contact","navigation","ติดต่อเรา | EVSELECT","",""
"/articles/ev-damper-tuning-bump-rebound-guide","EVSELECT EVSELECT - DRIVE BETTER. SELECT SMARTER.","/","navigation","EVSELECT | รีวิวรถ EV และอุปกรณ์เสริมสำหรับคนรักรถ","",""
"/articles/ev-damper-tuning-bump-rebound-guide","เตรียมเปิดตัว","/#launch","navigation","EVSELECT | รีวิวรถ EV และอุปกรณ์เสริมสำหรับคนรักรถ","",""
"/articles/ev-damper-tuning-bump-rebound-guide","บทความ EV","/articles","navigation","บทความและรีวิวรถยนต์ไฟฟ้า EV สเปกไทยฉบับเจาะลึก | EVSELECT","",""
"/articles/ev-damper-tuning-bump-rebound-guide","กำลังเปิดตัว","/#launch","navigation","EVSELECT | รีวิวรถ EV และอุปกรณ์เสริมสำหรับคนรักรถ","",""
"/articles/ev-damper-tuning-bump-rebound-guide","กลับไปหน้ารวมบทความ","/articles","navigation","บทความและรีวิวรถยนต์ไฟฟ้า EV สเปกไทยฉบับเจาะลึก | EVSELECT","",""
"/articles/ev-damper-tuning-bump-rebound-guide","ทำไมตรงรุ่นยังไม่จบ","#fitment-before-brand","navigation","ซื้อโช้คหลักแสน ทำไมยังไม่จบ!? เข้าใจโช้คสตรัทปรับเกลียว | EVSELECT","",""
"/articles/ev-damper-tuning-bump-rebound-guide","ดูภาพช่องปรับ","#explorer","navigation","ซื้อโช้คหลักแสน ทำไมยังไม่จบ!? เข้าใจโช้คสตรัทปรับเกลียว | EVSELECT","",""
"/articles/ev-damper-tuning-bump-rebound-guide","เตรียมโจทย์ให้ร้าน","#buying-brief","navigation","ซื้อโช้คหลักแสน ทำไมยังไม่จบ!? เข้าใจโช้คสตรัทปรับเกลียว | EVSELECT","",""
"/articles/ev-damper-tuning-bump-rebound-guide","01ใส่รถรุ่นเดียวกันได้ ทำไมขับแล้วไม่เหมือนกัน","#fitment-before-brand","navigation","ซื้อโช้คหลักแสน ทำไมยังไม่จบ!? เข้าใจโช้คสตรัทปรับเกลียว | EVSELECT","",""
"/articles/ev-damper-tuning-bump-rebound-guide","02เริ่มจากพื้นฐาน: ยาง สปริง Damper และ Bump stop","#basics","navigation","ซื้อโช้คหลักแสน ทำไมยังไม่จบ!? เข้าใจโช้คสตรัทปรับเกลียว | EVSELECT","",""
"/articles/ev-damper-tuning-bump-rebound-guide","03สตรัทปรับเกลียวมีกี่แบบ? แยกสเปกสามเรื่องก่อน","#types","navigation","ซื้อโช้คหลักแสน ทำไมยังไม่จบ!? เข้าใจโช้คสตรัทปรับเกลียว | EVSELECT","",""
"/articles/ev-damper-tuning-bump-rebound-guide","04Spring rate, Preload และระยะยุบ ต้องมาก่อนปุ่ม","#spring-height","navigation","ซื้อโช้คหลักแสน ทำไมยังไม่จบ!? เข้าใจโช้คสตรัทปรับเกลียว | EVSELECT","",""
"/articles/ev-damper-tuning-bump-rebound-guide","05ดูภาพช่องปรับ: ปุ่มเดียวทำอะไรได้บ้าง","#explorer","navigation","ซื้อโช้คหลักแสน ทำไมยังไม่จบ!? เข้าใจโช้คสตรัทปรับเกลียว | EVSELECT","",""
"/articles/ev-damper-tuning-bump-rebound-guide","06หมุนคลิกแล้วเกิดอะไรขึ้นข้างในโช้ค","#inside","navigation","ซื้อโช้คหลักแสน ทำไมยังไม่จบ!? เข้าใจโช้คสตรัทปรับเกลียว | EVSELECT","",""
"/articles/ev-damper-tuning-bump-rebound-guide","07Low-Speed ไม่ใช่ขับช้า","#shaft-speed","navigation","ซื้อโช้คหลักแสน ทำไมยังไม่จบ!? เข้าใจโช้คสตรัทปรับเกลียว | EVSELECT","",""
"/articles/ev-damper-tuning-bump-rebound-guide","081-Way: ปุ่มเดียว ไม่ได้ทำงานเหมือนกัน","#one-way","navigation","ซื้อโช้คหลักแสน ทำไมยังไม่จบ!? เข้าใจโช้คสตรัทปรับเกลียว | EVSELECT","",""
"/articles/ev-damper-tuning-bump-rebound-guide","092-Way: อยากคุมยุบ แต่ไม่อยากรั้งยืด","#two-way","navigation","ซื้อโช้คหลักแสน ทำไมยังไม่จบ!? เข้าใจโช้คสตรัทปรับเกลียว | EVSELECT","",""
"/articles/ev-damper-tuning-bump-rebound-guide","103-Way: ช่องที่เพิ่มมาช่วยอะไร","#three-way","navigation","ซื้อโช้คหลักแสน ทำไมยังไม่จบ!? เข้าใจโช้คสตรัทปรับเกลียว | EVSELECT","",""
"/articles/ev-damper-tuning-bump-rebound-guide","11เทียบหลายแบรนด์ อ่านสเปกให้พ้นชื่อรุ่น","#brands","navigation","ซื้อโช้คหลักแสน ทำไมยังไม่จบ!? เข้าใจโช้คสตรัทปรับเกลียว | EVSELECT","",""
"/articles/ev-damper-tuning-bump-rebound-guide","12โช้คมีนิสัยต่างกัน แล้วเข้ากับถนนที่เราใช้ไหม","#character-and-roads","navigation","ซื้อโช้คหลักแสน ทำไมยังไม่จบ!? เข้าใจโช้คสตรัทปรับเกลียว | EVSELECT","",""
"/articles/ev-damper-tuning-bump-rebound-guide","13ซับแทงก์ วาล์ว และกราฟไดโนบอกอะไร","#reservoir","navigation","ซื้อโช้คหลักแสน ทำไมยังไม่จบ!? เข้าใจโช้คสตรัทปรับเกลียว | EVSELECT","",""
"/articles/ev-damper-tuning-bump-rebound-guide","14เด้ง กระด้าง หรือยุบสุด แยกอาการก่อนจูน","#symptoms","navigation","ซื้อโช้คหลักแสน ทำไมยังไม่จบ!? เข้าใจโช้คสตรัทปรับเกลียว | EVSELECT","",""
"/articles/ev-damper-tuning-bump-rebound-guide","15ลองคิด 3 สถานการณ์ ก่อนหมุนปุ่มจริง","#examples","navigation","ซื้อโช้คหลักแสน ทำไมยังไม่จบ!? เข้าใจโช้คสตรัทปรับเกลียว | EVSELECT","",""
"/articles/ev-damper-tuning-bump-rebound-guide","16แต่ง EV ให้จบ ต้องเช็กอะไรบ้าง","#ev-fitment","navigation","ซื้อโช้คหลักแสน ทำไมยังไม่จบ!? เข้าใจโช้คสตรัทปรับเกลียว | EVSELECT","",""
"/articles/ev-damper-tuning-bump-rebound-guide","17เริ่มจูนจากหลักฐาน ไม่ใช่สูตรคลิกในคอมเมนต์","#baseline","navigation","ซื้อโช้คหลักแสน ทำไมยังไม่จบ!? เข้าใจโช้คสตรัทปรับเกลียว | EVSELECT","",""
"/articles/ev-damper-tuning-bump-rebound-guide","18เปลี่ยนคำว่า “อยากได้ตัวจบ” เป็นโจทย์ที่ร้านตอบได้","#buying-brief","navigation","ซื้อโช้คหลักแสน ทำไมยังไม่จบ!? เข้าใจโช้คสตรัทปรับเกลียว | EVSELECT","",""
"/articles/ev-damper-tuning-bump-rebound-guide","19แบบบันทึกและเช็กลิสต์ส่งให้ร้าน","#toolkit","navigation","ซื้อโช้คหลักแสน ทำไมยังไม่จบ!? เข้าใจโช้คสตรัทปรับเกลียว | EVSELECT","",""
"/articles/ev-damper-tuning-bump-rebound-guide","20ขับทุกวันหรือ Track Day ควรจ่ายถึงกี่ Way","#choose","navigation","ซื้อโช้คหลักแสน ทำไมยังไม่จบ!? เข้าใจโช้คสตรัทปรับเกลียว | EVSELECT","",""
"/articles/ev-damper-tuning-bump-rebound-guide","21คำถามที่ควรรู้ก่อนสั่งซื้อ","#faq","navigation","ซื้อโช้คหลักแสน ทำไมยังไม่จบ!? เข้าใจโช้คสตรัทปรับเกลียว | EVSELECT","",""
"/articles/ev-damper-tuning-bump-rebound-guide","ตารางผู้ผลิต","#brands","body-navigation","ซื้อโช้คหลักแสน ทำไมยังไม่จบ!? เข้าใจโช้คสตรัทปรับเกลียว | EVSELECT","",""
"/articles/ev-damper-tuning-bump-rebound-guide","ย้อนดูความต่างของความเร็วรถกับความเร็วก้านโช้ค","#shaft-speed","body-navigation","ซื้อโช้คหลักแสน ทำไมยังไม่จบ!? เข้าใจโช้คสตรัทปรับเกลียว | EVSELECT","",""
"/articles/ev-damper-tuning-bump-rebound-guide","เช็กลิสต์ส่งให้ร้านด้านล่าง","#toolkit","body-navigation","ซื้อโช้คหลักแสน ทำไมยังไม่จบ!? เข้าใจโช้คสตรัทปรับเกลียว | EVSELECT","",""
"/articles/ev-damper-tuning-bump-rebound-guide","เช็กลิสต์ภาษาไทย 12 ข้อสำหรับส่งให้ร้าน","/downloads/evselect-coilover-shop-checklist.txt","contextual-candidate","","",""
"/articles/ev-damper-tuning-bump-rebound-guide","เปิดแบบบันทึกที่กรอกและพิมพ์ได้ ข้อมูลรถ · สี่มุม · ช่องปรับ · รอบ A–B–A","/downloads/evselect-damper-setup-log.html","body-navigation","แบบบันทึกช่วงล่างและ Damper Baseline | EVSELECT","",""
"/articles/ev-damper-tuning-bump-rebound-guide","ดาวน์โหลดเช็กลิสต์ถามร้าน ข้อความภาษาไทยสำหรับแนบถามผู้ติดตั้ง","/downloads/evselect-coilover-shop-checklist.txt","body-navigation","","",""
"/articles/ev-damper-tuning-bump-rebound-guide","ยางกับโช้คสตรัทปรับเกลียว ต้องเลือกให้ทำงานด้วยกัน","/articles/ev-tyre-and-coilover-selection-guide","body-navigation","คู่มือการเลือกซื้อยาง (EV Tyres) และสตรัทปรับเกลียว (Coilovers) สำหรับรถ EV: สเปก, ค่าสปริงเรท, โหลดอินเด็กซ์ และการเลือกใช้งาน | EVSELECT","",""
"/articles/ev-damper-tuning-bump-rebound-guide","Monotube, Twin-tube และถุงลม ต่างกันตรงไหน","/articles/shock-absorber-types-monotube-twintube-air-ev","body-navigation","เจาะลึกประเภทโช้คอัพ: Monotube vs Twin-tube vs Inverted vs ถุงลมอัจฉริยะ (Air Suspension) สำหรับรถ EV | EVSELECT","",""
"/articles/ev-damper-tuning-bump-rebound-guide","อ่านบทความอื่น","/articles","navigation","บทความและรีวิวรถยนต์ไฟฟ้า EV สเปกไทยฉบับเจาะลึก | EVSELECT","",""
"/articles/ev-damper-tuning-bump-rebound-guide","สถานะการเปิดตัวสินค้า","/#launch","navigation","EVSELECT | รีวิวรถ EV และอุปกรณ์เสริมสำหรับคนรักรถ","",""
"/articles/ev-damper-tuning-bump-rebound-guide","ติดต่อ EVSELECT","/contact","navigation","ติดต่อเรา | EVSELECT","",""
"/articles/ev-damper-tuning-bump-rebound-guide","อ่านนโยบายบทความ","/editorial-policy","navigation","นโยบายบรรณาธิการ | EVSELECT","",""
"/articles/ev-horsepower-vs-torque-explained","หน้าแรก","/","navigation","EVSELECT | รีวิวรถ EV และอุปกรณ์เสริมสำหรับคนรักรถ","",""
"/articles/ev-horsepower-vs-torque-explained","เริ่มจากสิ่งที่กำลังตัดสินใจ","/#choose-your-path","navigation","EVSELECT | รีวิวรถ EV และอุปกรณ์เสริมสำหรับคนรักรถ","",""
"/articles/ev-horsepower-vs-torque-explained","รีวิวรถ EV","/articles?category=reviews","navigation","บทความและรีวิวรถยนต์ไฟฟ้า EV สเปกไทยฉบับเจาะลึก | EVSELECT","",""
"/articles/ev-horsepower-vs-torque-explained","ติดตามการเปิดตัวสินค้า","/#launch","navigation","EVSELECT | รีวิวรถ EV และอุปกรณ์เสริมสำหรับคนรักรถ","",""
"/articles/ev-horsepower-vs-torque-explained","บทความและคู่มือ EV","/articles","navigation","บทความและรีวิวรถยนต์ไฟฟ้า EV สเปกไทยฉบับเจาะลึก | EVSELECT","",""
"/articles/ev-horsepower-vs-torque-explained","นโยบายบทความ","/editorial-policy","navigation","นโยบายบรรณาธิการ | EVSELECT","",""
"/articles/ev-horsepower-vs-torque-explained","ติดต่อ EVSELECT","/contact","navigation","ติดต่อเรา | EVSELECT","",""
"/articles/ev-horsepower-vs-torque-explained","บอกรุ่นรถที่คุณใช้","/contact","navigation","ติดต่อเรา | EVSELECT","",""
"/articles/ev-horsepower-vs-torque-explained","EVSELECT EVSELECT - DRIVE BETTER. SELECT SMARTER.","/","navigation","EVSELECT | รีวิวรถ EV และอุปกรณ์เสริมสำหรับคนรักรถ","",""
"/articles/ev-horsepower-vs-torque-explained","เตรียมเปิดตัว","/#launch","navigation","EVSELECT | รีวิวรถ EV และอุปกรณ์เสริมสำหรับคนรักรถ","",""
"/articles/ev-horsepower-vs-torque-explained","บทความ EV","/articles","navigation","บทความและรีวิวรถยนต์ไฟฟ้า EV สเปกไทยฉบับเจาะลึก | EVSELECT","",""
"/articles/ev-horsepower-vs-torque-explained","กำลังเปิดตัว","/#launch","navigation","EVSELECT | รีวิวรถ EV และอุปกรณ์เสริมสำหรับคนรักรถ","",""
"/articles/ev-horsepower-vs-torque-explained","กลับไปหน้ารวมบทความและคู่มือ EV","/articles","navigation","บทความและรีวิวรถยนต์ไฟฟ้า EV สเปกไทยฉบับเจาะลึก | EVSELECT","",""
"/articles/ev-horsepower-vs-torque-explained","บอกรุ่นรถที่คุณใช้","/contact","body-navigation","ติดต่อเรา | EVSELECT","",""
"/articles/ev-horsepower-vs-torque-explained","บทความก่อนหน้า: Hybrid สู่ Full EV","/articles/hybrid-to-ev-chassis-dynamics-transition","navigation","เจาะลึกการเปลี่ยนผ่านจาก Hybrid สู่ Full EV: พลศาสตร์แชสซี, การกระจายน้ำหนัก และฟีลลิ่งการขับขี่ | EVSELECT","",""
"/articles/ev-horsepower-vs-torque-explained","กลับสู่หน้ารวมบทความทั้งหมด","/articles","navigation","บทความและรีวิวรถยนต์ไฟฟ้า EV สเปกไทยฉบับเจาะลึก | EVSELECT","",""
"/articles/ev-horsepower-vs-torque-explained","สถานะการเปิดตัวสินค้า","/#launch","navigation","EVSELECT | รีวิวรถ EV และอุปกรณ์เสริมสำหรับคนรักรถ","",""
"/articles/ev-horsepower-vs-torque-explained","ติดต่อ EVSELECT","/contact","navigation","ติดต่อเรา | EVSELECT","",""
"/articles/ev-horsepower-vs-torque-explained","อ่านนโยบายบทความ","/editorial-policy","navigation","นโยบายบรรณาธิการ | EVSELECT","",""
"/articles/ev-performance-driving-techniques","หน้าแรก","/","navigation","EVSELECT | รีวิวรถ EV และอุปกรณ์เสริมสำหรับคนรักรถ","",""
"/articles/ev-performance-driving-techniques","เริ่มจากสิ่งที่กำลังตัดสินใจ","/#choose-your-path","navigation","EVSELECT | รีวิวรถ EV และอุปกรณ์เสริมสำหรับคนรักรถ","",""
"/articles/ev-performance-driving-techniques","รีวิวรถ EV","/articles?category=reviews","navigation","บทความและรีวิวรถยนต์ไฟฟ้า EV สเปกไทยฉบับเจาะลึก | EVSELECT","",""
"/articles/ev-performance-driving-techniques","ติดตามการเปิดตัวสินค้า","/#launch","navigation","EVSELECT | รีวิวรถ EV และอุปกรณ์เสริมสำหรับคนรักรถ","",""
"/articles/ev-performance-driving-techniques","บทความและคู่มือ EV","/articles","navigation","บทความและรีวิวรถยนต์ไฟฟ้า EV สเปกไทยฉบับเจาะลึก | EVSELECT","",""
"/articles/ev-performance-driving-techniques","นโยบายบทความ","/editorial-policy","navigation","นโยบายบรรณาธิการ | EVSELECT","",""
"/articles/ev-performance-driving-techniques","ติดต่อ EVSELECT","/contact","navigation","ติดต่อเรา | EVSELECT","",""
"/articles/ev-performance-driving-techniques","บอกรุ่นรถที่คุณใช้","/contact","navigation","ติดต่อเรา | EVSELECT","",""
"/articles/ev-performance-driving-techniques","EVSELECT EVSELECT - DRIVE BETTER. SELECT SMARTER.","/","navigation","EVSELECT | รีวิวรถ EV และอุปกรณ์เสริมสำหรับคนรักรถ","",""
"/articles/ev-performance-driving-techniques","เตรียมเปิดตัว","/#launch","navigation","EVSELECT | รีวิวรถ EV และอุปกรณ์เสริมสำหรับคนรักรถ","",""
"/articles/ev-performance-driving-techniques","บทความ EV","/articles","navigation","บทความและรีวิวรถยนต์ไฟฟ้า EV สเปกไทยฉบับเจาะลึก | EVSELECT","",""
"/articles/ev-performance-driving-techniques","กำลังเปิดตัว","/#launch","navigation","EVSELECT | รีวิวรถ EV และอุปกรณ์เสริมสำหรับคนรักรถ","",""
"/articles/ev-performance-driving-techniques","กลับไปหน้ารวมบทความ","/articles","navigation","บทความและรีวิวรถยนต์ไฟฟ้า EV สเปกไทยฉบับเจาะลึก | EVSELECT","",""
"/articles/ev-performance-driving-techniques","อ่านบทความอื่นๆ ต่อ","/articles","body-navigation","บทความและรีวิวรถยนต์ไฟฟ้า EV สเปกไทยฉบับเจาะลึก | EVSELECT","",""
"/articles/ev-performance-driving-techniques","สถานะการเปิดตัวสินค้า","/#launch","navigation","EVSELECT | รีวิวรถ EV และอุปกรณ์เสริมสำหรับคนรักรถ","",""
"/articles/ev-performance-driving-techniques","ติดต่อ EVSELECT","/contact","navigation","ติดต่อเรา | EVSELECT","",""
"/articles/ev-performance-driving-techniques","อ่านนโยบายบทความ","/editorial-policy","navigation","นโยบายบรรณาธิการ | EVSELECT","",""
"/articles/ev-suspension-tuning-guide","หน้าแรก","/","navigation","EVSELECT | รีวิวรถ EV และอุปกรณ์เสริมสำหรับคนรักรถ","",""
"/articles/ev-suspension-tuning-guide","เริ่มจากสิ่งที่กำลังตัดสินใจ","/#choose-your-path","navigation","EVSELECT | รีวิวรถ EV และอุปกรณ์เสริมสำหรับคนรักรถ","",""
"/articles/ev-suspension-tuning-guide","รีวิวรถ EV","/articles?category=reviews","navigation","บทความและรีวิวรถยนต์ไฟฟ้า EV สเปกไทยฉบับเจาะลึก | EVSELECT","",""
"/articles/ev-suspension-tuning-guide","ติดตามการเปิดตัวสินค้า","/#launch","navigation","EVSELECT | รีวิวรถ EV และอุปกรณ์เสริมสำหรับคนรักรถ","",""
"/articles/ev-suspension-tuning-guide","บทความและคู่มือ EV","/articles","navigation","บทความและรีวิวรถยนต์ไฟฟ้า EV สเปกไทยฉบับเจาะลึก | EVSELECT","",""
"/articles/ev-suspension-tuning-guide","นโยบายบทความ","/editorial-policy","navigation","นโยบายบรรณาธิการ | EVSELECT","",""
"/articles/ev-suspension-tuning-guide","ติดต่อ EVSELECT","/contact","navigation","ติดต่อเรา | EVSELECT","",""
"/articles/ev-suspension-tuning-guide","บอกรุ่นรถที่คุณใช้","/contact","navigation","ติดต่อเรา | EVSELECT","",""
"/articles/ev-suspension-tuning-guide","EVSELECT EVSELECT - DRIVE BETTER. SELECT SMARTER.","/","navigation","EVSELECT | รีวิวรถ EV และอุปกรณ์เสริมสำหรับคนรักรถ","",""
"/articles/ev-suspension-tuning-guide","เตรียมเปิดตัว","/#launch","navigation","EVSELECT | รีวิวรถ EV และอุปกรณ์เสริมสำหรับคนรักรถ","",""
"/articles/ev-suspension-tuning-guide","บทความ EV","/articles","navigation","บทความและรีวิวรถยนต์ไฟฟ้า EV สเปกไทยฉบับเจาะลึก | EVSELECT","",""
"/articles/ev-suspension-tuning-guide","กำลังเปิดตัว","/#launch","navigation","EVSELECT | รีวิวรถ EV และอุปกรณ์เสริมสำหรับคนรักรถ","",""
"/articles/ev-suspension-tuning-guide","กลับไปหน้ารวมรีวิวและบทความ","/articles","navigation","บทความและรีวิวรถยนต์ไฟฟ้า EV สเปกไทยฉบับเจาะลึก | EVSELECT","",""
"/articles/ev-suspension-tuning-guide","สถานะการเปิดตัวสินค้า","/#launch","navigation","EVSELECT | รีวิวรถ EV และอุปกรณ์เสริมสำหรับคนรักรถ","",""
"/articles/ev-suspension-tuning-guide","ติดต่อ EVSELECT","/contact","navigation","ติดต่อเรา | EVSELECT","",""
"/articles/ev-suspension-tuning-guide","อ่านนโยบายบทความ","/editorial-policy","navigation","นโยบายบรรณาธิการ | EVSELECT","",""
"/articles/ev-tyre-and-coilover-selection-guide","หน้าแรก","/","navigation","EVSELECT | รีวิวรถ EV และอุปกรณ์เสริมสำหรับคนรักรถ","",""
"/articles/ev-tyre-and-coilover-selection-guide","เริ่มจากสิ่งที่กำลังตัดสินใจ","/#choose-your-path","navigation","EVSELECT | รีวิวรถ EV และอุปกรณ์เสริมสำหรับคนรักรถ","",""
"/articles/ev-tyre-and-coilover-selection-guide","รีวิวรถ EV","/articles?category=reviews","navigation","บทความและรีวิวรถยนต์ไฟฟ้า EV สเปกไทยฉบับเจาะลึก | EVSELECT","",""
"/articles/ev-tyre-and-coilover-selection-guide","ติดตามการเปิดตัวสินค้า","/#launch","navigation","EVSELECT | รีวิวรถ EV และอุปกรณ์เสริมสำหรับคนรักรถ","",""
"/articles/ev-tyre-and-coilover-selection-guide","บทความและคู่มือ EV","/articles","navigation","บทความและรีวิวรถยนต์ไฟฟ้า EV สเปกไทยฉบับเจาะลึก | EVSELECT","",""
"/articles/ev-tyre-and-coilover-selection-guide","นโยบายบทความ","/editorial-policy","navigation","นโยบายบรรณาธิการ | EVSELECT","",""
"/articles/ev-tyre-and-coilover-selection-guide","ติดต่อ EVSELECT","/contact","navigation","ติดต่อเรา | EVSELECT","",""
"/articles/ev-tyre-and-coilover-selection-guide","บอกรุ่นรถที่คุณใช้","/contact","navigation","ติดต่อเรา | EVSELECT","",""
"/articles/ev-tyre-and-coilover-selection-guide","EVSELECT EVSELECT - DRIVE BETTER. SELECT SMARTER.","/","navigation","EVSELECT | รีวิวรถ EV และอุปกรณ์เสริมสำหรับคนรักรถ","",""
"/articles/ev-tyre-and-coilover-selection-guide","เตรียมเปิดตัว","/#launch","navigation","EVSELECT | รีวิวรถ EV และอุปกรณ์เสริมสำหรับคนรักรถ","",""
"/articles/ev-tyre-and-coilover-selection-guide","บทความ EV","/articles","navigation","บทความและรีวิวรถยนต์ไฟฟ้า EV สเปกไทยฉบับเจาะลึก | EVSELECT","",""
"/articles/ev-tyre-and-coilover-selection-guide","กำลังเปิดตัว","/#launch","navigation","EVSELECT | รีวิวรถ EV และอุปกรณ์เสริมสำหรับคนรักรถ","",""
"/articles/ev-tyre-and-coilover-selection-guide","กลับไปหน้ารวมบทความและคู่มือเทคนิค EV","/articles","navigation","บทความและรีวิวรถยนต์ไฟฟ้า EV สเปกไทยฉบับเจาะลึก | EVSELECT","",""
"/articles/ev-tyre-and-coilover-selection-guide","อ่านบทความ: เซ็ตช่วงล่างถนนไทย","/articles/optimizing-ev-suspension-thai-roads","body-navigation","การเซ็ตติ้งช่วงล่างรถ EV ให้สมบูรณ์แบบบนถนนเมืองไทย: รอยต่อสะพาน คอสะพานทรุด ลูกระนาด และน้ำท่วมขัง | EVSELECT","",""
"/articles/ev-tyre-and-coilover-selection-guide","กลับสู่หน้ารวมบทความ EVSELECT","/articles","navigation","บทความและรีวิวรถยนต์ไฟฟ้า EV สเปกไทยฉบับเจาะลึก | EVSELECT","",""
"/articles/ev-tyre-and-coilover-selection-guide","สถานะการเปิดตัวสินค้า","/#launch","navigation","EVSELECT | รีวิวรถ EV และอุปกรณ์เสริมสำหรับคนรักรถ","",""
"/articles/ev-tyre-and-coilover-selection-guide","ติดต่อ EVSELECT","/contact","navigation","ติดต่อเรา | EVSELECT","",""
"/articles/ev-tyre-and-coilover-selection-guide","อ่านนโยบายบทความ","/editorial-policy","navigation","นโยบายบรรณาธิการ | EVSELECT","",""
"/articles/geely-ex2-review","หน้าแรก","/","navigation","EVSELECT | รีวิวรถ EV และอุปกรณ์เสริมสำหรับคนรักรถ","",""
"/articles/geely-ex2-review","เริ่มจากสิ่งที่กำลังตัดสินใจ","/#choose-your-path","navigation","EVSELECT | รีวิวรถ EV และอุปกรณ์เสริมสำหรับคนรักรถ","",""
"/articles/geely-ex2-review","รีวิวรถ EV","/articles?category=reviews","navigation","บทความและรีวิวรถยนต์ไฟฟ้า EV สเปกไทยฉบับเจาะลึก | EVSELECT","",""
"/articles/geely-ex2-review","ติดตามการเปิดตัวสินค้า","/#launch","navigation","EVSELECT | รีวิวรถ EV และอุปกรณ์เสริมสำหรับคนรักรถ","",""
"/articles/geely-ex2-review","บทความและคู่มือ EV","/articles","navigation","บทความและรีวิวรถยนต์ไฟฟ้า EV สเปกไทยฉบับเจาะลึก | EVSELECT","",""
"/articles/geely-ex2-review","นโยบายบทความ","/editorial-policy","navigation","นโยบายบรรณาธิการ | EVSELECT","",""
"/articles/geely-ex2-review","ติดต่อ EVSELECT","/contact","navigation","ติดต่อเรา | EVSELECT","",""
"/articles/geely-ex2-review","บอกรุ่นรถที่คุณใช้","/contact","navigation","ติดต่อเรา | EVSELECT","",""
"/articles/geely-ex2-review","EVSELECT EVSELECT - DRIVE BETTER. SELECT SMARTER.","/","navigation","EVSELECT | รีวิวรถ EV และอุปกรณ์เสริมสำหรับคนรักรถ","",""
"/articles/geely-ex2-review","เตรียมเปิดตัว","/#launch","navigation","EVSELECT | รีวิวรถ EV และอุปกรณ์เสริมสำหรับคนรักรถ","",""
"/articles/geely-ex2-review","บทความ EV","/articles","navigation","บทความและรีวิวรถยนต์ไฟฟ้า EV สเปกไทยฉบับเจาะลึก | EVSELECT","",""
"/articles/geely-ex2-review","กำลังเปิดตัว","/#launch","navigation","EVSELECT | รีวิวรถ EV และอุปกรณ์เสริมสำหรับคนรักรถ","",""
"/articles/geely-ex2-review","กลับไปหน้ารวมบทความและรีวิวรถยนต์ไฟฟ้า","/articles","navigation","บทความและรีวิวรถยนต์ไฟฟ้า EV สเปกไทยฉบับเจาะลึก | EVSELECT","",""
"/articles/geely-ex2-review","แจ้งความสนใจสำหรับ Geely EX2","/contact","body-navigation","ติดต่อเรา | EVSELECT","",""
"/articles/geely-ex2-review","ค้นหาตามรุ่นรถ","/#vehicle-finder","body-navigation","EVSELECT | รีวิวรถ EV และอุปกรณ์เสริมสำหรับคนรักรถ","",""
"/articles/geely-ex2-review","บอกรุ่นรถที่คุณใช้","/contact","body-navigation","ติดต่อเรา | EVSELECT","",""
"/articles/geely-ex2-review","ดูทั้งหมด","/articles","body-navigation","บทความและรีวิวรถยนต์ไฟฟ้า EV สเปกไทยฉบับเจาะลึก | EVSELECT","",""
"/articles/geely-ex2-review","Smart Tech SUVIn-Depth Reviewรีวิว Changan Deepal S05: กล้อง 4K Gimbal ไฟหน้า DLP ฉายหนัง และ Frunk 159 ลิตรเจาะลึกเอสยูวีไฟฟ้าน้องใหม่สายแคมปิ้ง ออปชันไฮเทค และการชาร์จเร็ว 3C","/articles/deepal-s05-review","body-navigation","รีวิว Deepal S05 สเปกไทย: เอสยูวีสายแคมปิ้ง-Vlog กล้อง 4K บนหลังคา ไฟหน้าฉายหนัง Frunk หน้า 159L | EVSELECT","",""
"/articles/geely-ex2-review","D-Segment SUVIn-Depth Reviewรีวิว Changan Deepal S07: มอเตอร์ 258 แรงม้า ม่านบังแดดไฟฟ้าสู้แดดไทยเจาะลึกเอสยูวีไฟฟ้ารุ่นพี่ ออปชันหรูหรา และการชาร์จ DC 167 kW","/articles/deepal-s07-review","body-navigation","รีวิว Changan Deepal S07 สเปกไทย: เอสยูวีไฟฟ้าไซเบอร์พังก์ ออปชันหรู ม่านบังแดดไฟฟ้าสู้แดดไทย | EVSELECT","",""
"/articles/geely-ex2-review","Editorial GuideTips & Guide5 วิธีดูแลแบตเตอรี่รถ EV ให้เสื่อมช้าลง และใช้ได้นานเกิน 10 ปีเทคนิคการชาร์จที่ถูกต้อง การตั้ง Limit และพฤติกรรมถนอมแบตเตอรี่รถยนต์ไฟฟ้า","/articles/ev-battery-care","body-navigation","5 วิธีดูแลแบตเตอรี่รถ EV ให้เสื่อมช้าลง และใช้ได้นานเกิน 10 ปี | EVSELECT","",""
"/articles/geely-ex2-review","ดูบทความและรีวิวทั้งหมด","/articles","navigation","บทความและรีวิวรถยนต์ไฟฟ้า EV สเปกไทยฉบับเจาะลึก | EVSELECT","",""
"/articles/geely-ex2-review","สถานะการเปิดตัวสินค้า","/#launch","navigation","EVSELECT | รีวิวรถ EV และอุปกรณ์เสริมสำหรับคนรักรถ","",""
"/articles/geely-ex2-review","ติดต่อ EVSELECT","/contact","navigation","ติดต่อเรา | EVSELECT","",""
"/articles/geely-ex2-review","อ่านนโยบายบทความ","/editorial-policy","navigation","นโยบายบรรณาธิการ | EVSELECT","",""
"/articles/hybrid-to-ev-chassis-dynamics-transition","หน้าแรก","/","navigation","EVSELECT | รีวิวรถ EV และอุปกรณ์เสริมสำหรับคนรักรถ","",""
"/articles/hybrid-to-ev-chassis-dynamics-transition","เริ่มจากสิ่งที่กำลังตัดสินใจ","/#choose-your-path","navigation","EVSELECT | รีวิวรถ EV และอุปกรณ์เสริมสำหรับคนรักรถ","",""
"/articles/hybrid-to-ev-chassis-dynamics-transition","รีวิวรถ EV","/articles?category=reviews","navigation","บทความและรีวิวรถยนต์ไฟฟ้า EV สเปกไทยฉบับเจาะลึก | EVSELECT","",""
"/articles/hybrid-to-ev-chassis-dynamics-transition","ติดตามการเปิดตัวสินค้า","/#launch","navigation","EVSELECT | รีวิวรถ EV และอุปกรณ์เสริมสำหรับคนรักรถ","",""
"/articles/hybrid-to-ev-chassis-dynamics-transition","บทความและคู่มือ EV","/articles","navigation","บทความและรีวิวรถยนต์ไฟฟ้า EV สเปกไทยฉบับเจาะลึก | EVSELECT","",""
"/articles/hybrid-to-ev-chassis-dynamics-transition","นโยบายบทความ","/editorial-policy","navigation","นโยบายบรรณาธิการ | EVSELECT","",""
"/articles/hybrid-to-ev-chassis-dynamics-transition","ติดต่อ EVSELECT","/contact","navigation","ติดต่อเรา | EVSELECT","",""
"/articles/hybrid-to-ev-chassis-dynamics-transition","บอกรุ่นรถที่คุณใช้","/contact","navigation","ติดต่อเรา | EVSELECT","",""
"/articles/hybrid-to-ev-chassis-dynamics-transition","EVSELECT EVSELECT - DRIVE BETTER. SELECT SMARTER.","/","navigation","EVSELECT | รีวิวรถ EV และอุปกรณ์เสริมสำหรับคนรักรถ","",""
"/articles/hybrid-to-ev-chassis-dynamics-transition","เตรียมเปิดตัว","/#launch","navigation","EVSELECT | รีวิวรถ EV และอุปกรณ์เสริมสำหรับคนรักรถ","",""
"/articles/hybrid-to-ev-chassis-dynamics-transition","บทความ EV","/articles","navigation","บทความและรีวิวรถยนต์ไฟฟ้า EV สเปกไทยฉบับเจาะลึก | EVSELECT","",""
"/articles/hybrid-to-ev-chassis-dynamics-transition","กำลังเปิดตัว","/#launch","navigation","EVSELECT | รีวิวรถ EV และอุปกรณ์เสริมสำหรับคนรักรถ","",""
"/articles/hybrid-to-ev-chassis-dynamics-transition","กลับไปหน้ารวมบทความและคู่มือ EV","/articles","navigation","บทความและรีวิวรถยนต์ไฟฟ้า EV สเปกไทยฉบับเจาะลึก | EVSELECT","",""
"/articles/hybrid-to-ev-chassis-dynamics-transition","บอกรุ่นรถที่คุณใช้","/contact","body-navigation","ติดต่อเรา | EVSELECT","",""
"/articles/hybrid-to-ev-chassis-dynamics-transition","บทความก่อนหน้า: เทคนิคการขับ EV สมรรถนะสูง","/articles/ev-performance-driving-techniques","navigation","สอนเทคนิคขับรถ EV แบบเข้าใจง่าย: ฉบับนักเล่าเรื่อง (เหมาะกับทุกคน) | EVSELECT","",""
"/articles/hybrid-to-ev-chassis-dynamics-transition","บทความถัดไป: แรงม้า vs แรงบิดในรถ EV","/articles/ev-horsepower-vs-torque-explained","navigation","แรงม้า vs แรงบิด ในมอเตอร์ไฟฟ้า: ทำไม EV ถึงออกตัวเร็วกว่า แต่ปลายเหี่ยว? เจาะลึกกราฟไดโน่และเกียร์ทดเดี่ยว | EVSELECT","",""
"/articles/hybrid-to-ev-chassis-dynamics-transition","สถานะการเปิดตัวสินค้า","/#launch","navigation","EVSELECT | รีวิวรถ EV และอุปกรณ์เสริมสำหรับคนรักรถ","",""
"/articles/hybrid-to-ev-chassis-dynamics-transition","ติดต่อ EVSELECT","/contact","navigation","ติดต่อเรา | EVSELECT","",""
"/articles/hybrid-to-ev-chassis-dynamics-transition","อ่านนโยบายบทความ","/editorial-policy","navigation","นโยบายบรรณาธิการ | EVSELECT","",""
"/articles/mg4-electric-review","หน้าแรก","/","navigation","EVSELECT | รีวิวรถ EV และอุปกรณ์เสริมสำหรับคนรักรถ","",""
"/articles/mg4-electric-review","เริ่มจากสิ่งที่กำลังตัดสินใจ","/#choose-your-path","navigation","EVSELECT | รีวิวรถ EV และอุปกรณ์เสริมสำหรับคนรักรถ","",""
"/articles/mg4-electric-review","รีวิวรถ EV","/articles?category=reviews","navigation","บทความและรีวิวรถยนต์ไฟฟ้า EV สเปกไทยฉบับเจาะลึก | EVSELECT","",""
"/articles/mg4-electric-review","ติดตามการเปิดตัวสินค้า","/#launch","navigation","EVSELECT | รีวิวรถ EV และอุปกรณ์เสริมสำหรับคนรักรถ","",""
"/articles/mg4-electric-review","บทความและคู่มือ EV","/articles","navigation","บทความและรีวิวรถยนต์ไฟฟ้า EV สเปกไทยฉบับเจาะลึก | EVSELECT","",""
"/articles/mg4-electric-review","นโยบายบทความ","/editorial-policy","navigation","นโยบายบรรณาธิการ | EVSELECT","",""
"/articles/mg4-electric-review","ติดต่อ EVSELECT","/contact","navigation","ติดต่อเรา | EVSELECT","",""
"/articles/mg4-electric-review","บอกรุ่นรถที่คุณใช้","/contact","navigation","ติดต่อเรา | EVSELECT","",""
"/articles/mg4-electric-review","EVSELECT EVSELECT - DRIVE BETTER. SELECT SMARTER.","/","navigation","EVSELECT | รีวิวรถ EV และอุปกรณ์เสริมสำหรับคนรักรถ","",""
"/articles/mg4-electric-review","เตรียมเปิดตัว","/#launch","navigation","EVSELECT | รีวิวรถ EV และอุปกรณ์เสริมสำหรับคนรักรถ","",""
"/articles/mg4-electric-review","บทความ EV","/articles","navigation","บทความและรีวิวรถยนต์ไฟฟ้า EV สเปกไทยฉบับเจาะลึก | EVSELECT","",""
"/articles/mg4-electric-review","กำลังเปิดตัว","/#launch","navigation","EVSELECT | รีวิวรถ EV และอุปกรณ์เสริมสำหรับคนรักรถ","",""
"/articles/mg4-electric-review","กลับไปหน้ารวมบทความและรีวิวรถยนต์ไฟฟ้า","/articles","navigation","บทความและรีวิวรถยนต์ไฟฟ้า EV สเปกไทยฉบับเจาะลึก | EVSELECT","",""
"/articles/mg4-electric-review","แจ้งความสนใจสำหรับ MG4 Electric","/contact","body-navigation","ติดต่อเรา | EVSELECT","",""
"/articles/mg4-electric-review","ค้นหาตามรุ่นรถ","/#vehicle-finder","body-navigation","EVSELECT | รีวิวรถ EV และอุปกรณ์เสริมสำหรับคนรักรถ","",""
"/articles/mg4-electric-review","บอกรุ่นรถที่คุณใช้","/contact","body-navigation","ติดต่อเรา | EVSELECT","",""
"/articles/mg4-electric-review","ดูทั้งหมด","/articles","body-navigation","บทความและรีวิวรถยนต์ไฟฟ้า EV สเปกไทยฉบับเจาะลึก | EVSELECT","",""
"/articles/mg4-electric-review","Performance EVEV Reviewรีวิว BYD Seal สเปกไทย 3 รุ่นย่อย: สปอร์ตซีดานไฟฟ้า 530 แรงม้าเจาะลึกสมรรถนะ 0-100 ใน 3.8 วิ แชสซี CTB เหนียวแน่น และโช้ค FSD","/articles/byd-seal-review","body-navigation","รีวิว BYD Seal สเปกไทย 3 รุ่นย่อย (Dynamic / Premium / AWD Performance): สปอร์ตซีดานไฟฟ้า 530 แรงม้า | EVSELECT","",""
"/articles/mg4-electric-review","Popular SUVEV Reviewรีวิว BYD Atto 3 สเปกไทย: คอมแพกต์เอสยูวีไฟฟ้ายอดนิยม คุ้มค่าน่าใช้แค่ไหน?เจาะลึกความนุ่มนวล ความกว้างขวาง และความคุ้มค่าหลังปรับลดราคาพิเศษ","/articles/byd-atto-3-review","body-navigation","รีวิว BYD Atto 3 สเปกไทย (MY2024-2026): คอมแพกต์เอสยูวีไฟฟ้ายอดนิยม คุ้มค่าน่าใช้แค่ไหน? | EVSELECT","",""
"/articles/mg4-electric-review","Electric SedanEV Reviewรีวิว Tesla Model 3 Highland สเปกไทย ปรับปรุงใหม่ นุ่ม เงียบ พรีเมียมขึ้นแค่ไหน?ทดสอบสมรรถนะและเปรียบเทียบจุดเด่นจุดด้อยบนถนนเมืองไทย","/articles/tesla-model-3-highland-review","body-navigation","Tesla Model 3 Highland สเปกไทย: เทียบ 4 รุ่น ราคาและอุปกรณ์ล่าสุด | EVSELECT","",""
"/articles/mg4-electric-review","ดูบทความและรีวิวทั้งหมด","/articles","navigation","บทความและรีวิวรถยนต์ไฟฟ้า EV สเปกไทยฉบับเจาะลึก | EVSELECT","",""
"/articles/mg4-electric-review","สถานะการเปิดตัวสินค้า","/#launch","navigation","EVSELECT | รีวิวรถ EV และอุปกรณ์เสริมสำหรับคนรักรถ","",""
"/articles/mg4-electric-review","ติดต่อ EVSELECT","/contact","navigation","ติดต่อเรา | EVSELECT","",""
"/articles/mg4-electric-review","อ่านนโยบายบทความ","/editorial-policy","navigation","นโยบายบรรณาธิการ | EVSELECT","",""
"/articles/optimizing-ev-suspension-thai-roads","หน้าแรก","/","navigation","EVSELECT | รีวิวรถ EV และอุปกรณ์เสริมสำหรับคนรักรถ","",""
"/articles/optimizing-ev-suspension-thai-roads","เริ่มจากสิ่งที่กำลังตัดสินใจ","/#choose-your-path","navigation","EVSELECT | รีวิวรถ EV และอุปกรณ์เสริมสำหรับคนรักรถ","",""
"/articles/optimizing-ev-suspension-thai-roads","รีวิวรถ EV","/articles?category=reviews","navigation","บทความและรีวิวรถยนต์ไฟฟ้า EV สเปกไทยฉบับเจาะลึก | EVSELECT","",""
"/articles/optimizing-ev-suspension-thai-roads","ติดตามการเปิดตัวสินค้า","/#launch","navigation","EVSELECT | รีวิวรถ EV และอุปกรณ์เสริมสำหรับคนรักรถ","",""
"/articles/optimizing-ev-suspension-thai-roads","บทความและคู่มือ EV","/articles","navigation","บทความและรีวิวรถยนต์ไฟฟ้า EV สเปกไทยฉบับเจาะลึก | EVSELECT","",""
"/articles/optimizing-ev-suspension-thai-roads","นโยบายบทความ","/editorial-policy","navigation","นโยบายบรรณาธิการ | EVSELECT","",""
"/articles/optimizing-ev-suspension-thai-roads","ติดต่อ EVSELECT","/contact","navigation","ติดต่อเรา | EVSELECT","",""
"/articles/optimizing-ev-suspension-thai-roads","บอกรุ่นรถที่คุณใช้","/contact","navigation","ติดต่อเรา | EVSELECT","",""
"/articles/optimizing-ev-suspension-thai-roads","EVSELECT EVSELECT - DRIVE BETTER. SELECT SMARTER.","/","navigation","EVSELECT | รีวิวรถ EV และอุปกรณ์เสริมสำหรับคนรักรถ","",""
"/articles/optimizing-ev-suspension-thai-roads","เตรียมเปิดตัว","/#launch","navigation","EVSELECT | รีวิวรถ EV และอุปกรณ์เสริมสำหรับคนรักรถ","",""
"/articles/optimizing-ev-suspension-thai-roads","บทความ EV","/articles","navigation","บทความและรีวิวรถยนต์ไฟฟ้า EV สเปกไทยฉบับเจาะลึก | EVSELECT","",""
"/articles/optimizing-ev-suspension-thai-roads","กำลังเปิดตัว","/#launch","navigation","EVSELECT | รีวิวรถ EV และอุปกรณ์เสริมสำหรับคนรักรถ","",""
"/articles/optimizing-ev-suspension-thai-roads","กลับไปหน้ารวมบทความและคู่มือเทคนิค EV","/articles","navigation","บทความและรีวิวรถยนต์ไฟฟ้า EV สเปกไทยฉบับเจาะลึก | EVSELECT","",""
"/articles/optimizing-ev-suspension-thai-roads","อ่านต่อ: คู่มือเลือกซื้อยางและสตรัท EV","/articles/ev-tyre-and-coilover-selection-guide","body-navigation","คู่มือการเลือกซื้อยาง (EV Tyres) และสตรัทปรับเกลียว (Coilovers) สำหรับรถ EV: สเปก, ค่าสปริงเรท, โหลดอินเด็กซ์ และการเลือกใช้งาน | EVSELECT","",""
"/articles/optimizing-ev-suspension-thai-roads","กลับสู่หน้ารวมบทความ EVSELECT","/articles","navigation","บทความและรีวิวรถยนต์ไฟฟ้า EV สเปกไทยฉบับเจาะลึก | EVSELECT","",""
"/articles/optimizing-ev-suspension-thai-roads","สถานะการเปิดตัวสินค้า","/#launch","navigation","EVSELECT | รีวิวรถ EV และอุปกรณ์เสริมสำหรับคนรักรถ","",""
"/articles/optimizing-ev-suspension-thai-roads","ติดต่อ EVSELECT","/contact","navigation","ติดต่อเรา | EVSELECT","",""
"/articles/optimizing-ev-suspension-thai-roads","อ่านนโยบายบทความ","/editorial-policy","navigation","นโยบายบรรณาธิการ | EVSELECT","",""
"/articles/shock-absorber-types-monotube-twintube-air-ev","หน้าแรก","/","navigation","EVSELECT | รีวิวรถ EV และอุปกรณ์เสริมสำหรับคนรักรถ","",""
"/articles/shock-absorber-types-monotube-twintube-air-ev","เริ่มจากสิ่งที่กำลังตัดสินใจ","/#choose-your-path","navigation","EVSELECT | รีวิวรถ EV และอุปกรณ์เสริมสำหรับคนรักรถ","",""
"/articles/shock-absorber-types-monotube-twintube-air-ev","รีวิวรถ EV","/articles?category=reviews","navigation","บทความและรีวิวรถยนต์ไฟฟ้า EV สเปกไทยฉบับเจาะลึก | EVSELECT","",""
"/articles/shock-absorber-types-monotube-twintube-air-ev","ติดตามการเปิดตัวสินค้า","/#launch","navigation","EVSELECT | รีวิวรถ EV และอุปกรณ์เสริมสำหรับคนรักรถ","",""
"/articles/shock-absorber-types-monotube-twintube-air-ev","บทความและคู่มือ EV","/articles","navigation","บทความและรีวิวรถยนต์ไฟฟ้า EV สเปกไทยฉบับเจาะลึก | EVSELECT","",""
"/articles/shock-absorber-types-monotube-twintube-air-ev","นโยบายบทความ","/editorial-policy","navigation","นโยบายบรรณาธิการ | EVSELECT","",""
"/articles/shock-absorber-types-monotube-twintube-air-ev","ติดต่อ EVSELECT","/contact","navigation","ติดต่อเรา | EVSELECT","",""
"/articles/shock-absorber-types-monotube-twintube-air-ev","บอกรุ่นรถที่คุณใช้","/contact","navigation","ติดต่อเรา | EVSELECT","",""
"/articles/shock-absorber-types-monotube-twintube-air-ev","EVSELECT EVSELECT - DRIVE BETTER. SELECT SMARTER.","/","navigation","EVSELECT | รีวิวรถ EV และอุปกรณ์เสริมสำหรับคนรักรถ","",""
"/articles/shock-absorber-types-monotube-twintube-air-ev","เตรียมเปิดตัว","/#launch","navigation","EVSELECT | รีวิวรถ EV และอุปกรณ์เสริมสำหรับคนรักรถ","",""
"/articles/shock-absorber-types-monotube-twintube-air-ev","บทความ EV","/articles","navigation","บทความและรีวิวรถยนต์ไฟฟ้า EV สเปกไทยฉบับเจาะลึก | EVSELECT","",""
"/articles/shock-absorber-types-monotube-twintube-air-ev","กำลังเปิดตัว","/#launch","navigation","EVSELECT | รีวิวรถ EV และอุปกรณ์เสริมสำหรับคนรักรถ","",""
"/articles/shock-absorber-types-monotube-twintube-air-ev","กลับไปหน้ารวมบทความและคู่มือช่วงล่าง EV","/articles","navigation","บทความและรีวิวรถยนต์ไฟฟ้า EV สเปกไทยฉบับเจาะลึก | EVSELECT","",""
"/articles/shock-absorber-types-monotube-twintube-air-ev","ดูโช้คอัพ Monotube ตรงรุ่น","/","body-navigation","EVSELECT | รีวิวรถ EV และอุปกรณ์เสริมสำหรับคนรักรถ","",""
"/articles/shock-absorber-types-monotube-twintube-air-ev","ดูชุดอัปเกรดช่วงล่าง SUV","/","body-navigation","EVSELECT | รีวิวรถ EV และอุปกรณ์เสริมสำหรับคนรักรถ","",""
"/articles/shock-absorber-types-monotube-twintube-air-ev","อ่านรีวิวช่วงล่าง Zeekr 7X","/articles","body-navigation","บทความและรีวิวรถยนต์ไฟฟ้า EV สเปกไทยฉบับเจาะลึก | EVSELECT","",""
"/articles/shock-absorber-types-monotube-twintube-air-ev","กลับไปหน้ารวมบทความระบบช่วงล่าง","/articles","navigation","บทความและรีวิวรถยนต์ไฟฟ้า EV สเปกไทยฉบับเจาะลึก | EVSELECT","",""
"/articles/shock-absorber-types-monotube-twintube-air-ev","สถานะการเปิดตัวสินค้า","/#launch","navigation","EVSELECT | รีวิวรถ EV และอุปกรณ์เสริมสำหรับคนรักรถ","",""
"/articles/shock-absorber-types-monotube-twintube-air-ev","ติดต่อ EVSELECT","/contact","navigation","ติดต่อเรา | EVSELECT","",""
"/articles/shock-absorber-types-monotube-twintube-air-ev","อ่านนโยบายบทความ","/editorial-policy","navigation","นโยบายบรรณาธิการ | EVSELECT","",""
"/articles/tesla-model-3-highland-review","หน้าแรก","/","navigation","EVSELECT | รีวิวรถ EV และอุปกรณ์เสริมสำหรับคนรักรถ","",""
"/articles/tesla-model-3-highland-review","เริ่มจากสิ่งที่กำลังตัดสินใจ","/#choose-your-path","navigation","EVSELECT | รีวิวรถ EV และอุปกรณ์เสริมสำหรับคนรักรถ","",""
"/articles/tesla-model-3-highland-review","รีวิวรถ EV","/articles?category=reviews","navigation","บทความและรีวิวรถยนต์ไฟฟ้า EV สเปกไทยฉบับเจาะลึก | EVSELECT","",""
"/articles/tesla-model-3-highland-review","ติดตามการเปิดตัวสินค้า","/#launch","navigation","EVSELECT | รีวิวรถ EV และอุปกรณ์เสริมสำหรับคนรักรถ","",""
"/articles/tesla-model-3-highland-review","บทความและคู่มือ EV","/articles","navigation","บทความและรีวิวรถยนต์ไฟฟ้า EV สเปกไทยฉบับเจาะลึก | EVSELECT","",""
"/articles/tesla-model-3-highland-review","นโยบายบทความ","/editorial-policy","navigation","นโยบายบรรณาธิการ | EVSELECT","",""
"/articles/tesla-model-3-highland-review","ติดต่อ EVSELECT","/contact","navigation","ติดต่อเรา | EVSELECT","",""
"/articles/tesla-model-3-highland-review","บอกรุ่นรถที่คุณใช้","/contact","navigation","ติดต่อเรา | EVSELECT","",""
"/articles/tesla-model-3-highland-review","EVSELECT EVSELECT - DRIVE BETTER. SELECT SMARTER.","/","navigation","EVSELECT | รีวิวรถ EV และอุปกรณ์เสริมสำหรับคนรักรถ","",""
"/articles/tesla-model-3-highland-review","เตรียมเปิดตัว","/#launch","navigation","EVSELECT | รีวิวรถ EV และอุปกรณ์เสริมสำหรับคนรักรถ","",""
"/articles/tesla-model-3-highland-review","บทความ EV","/articles","navigation","บทความและรีวิวรถยนต์ไฟฟ้า EV สเปกไทยฉบับเจาะลึก | EVSELECT","",""
"/articles/tesla-model-3-highland-review","กำลังเปิดตัว","/#launch","navigation","EVSELECT | รีวิวรถ EV และอุปกรณ์เสริมสำหรับคนรักรถ","",""
"/articles/tesla-model-3-highland-review","กลับไปหน้าบทความและรีวิวรถยนต์ไฟฟ้า","/articles","navigation","บทความและรีวิวรถยนต์ไฟฟ้า EV สเปกไทยฉบับเจาะลึก | EVSELECT","",""
"/articles/tesla-model-3-highland-review","อ่านคู่มือการปรับแดมเปอร์","/articles/ev-damper-tuning-bump-rebound-guide","navigation","ซื้อโช้คหลักแสน ทำไมยังไม่จบ!? เข้าใจโช้คสตรัทปรับเกลียว | EVSELECT","",""
"/articles/tesla-model-3-highland-review","สถานะการเปิดตัวสินค้า","/#launch","navigation","EVSELECT | รีวิวรถ EV และอุปกรณ์เสริมสำหรับคนรักรถ","",""
"/articles/tesla-model-3-highland-review","ติดต่อ EVSELECT","/contact","navigation","ติดต่อเรา | EVSELECT","",""
"/articles/tesla-model-3-highland-review","อ่านนโยบายบทความ","/editorial-policy","navigation","นโยบายบรรณาธิการ | EVSELECT","",""
"/articles/tesla-model-y-l-premium-6-seater-review","หน้าแรก","/","navigation","EVSELECT | รีวิวรถ EV และอุปกรณ์เสริมสำหรับคนรักรถ","",""
"/articles/tesla-model-y-l-premium-6-seater-review","เริ่มจากสิ่งที่กำลังตัดสินใจ","/#choose-your-path","navigation","EVSELECT | รีวิวรถ EV และอุปกรณ์เสริมสำหรับคนรักรถ","",""
"/articles/tesla-model-y-l-premium-6-seater-review","รีวิวรถ EV","/articles?category=reviews","navigation","บทความและรีวิวรถยนต์ไฟฟ้า EV สเปกไทยฉบับเจาะลึก | EVSELECT","",""
"/articles/tesla-model-y-l-premium-6-seater-review","ติดตามการเปิดตัวสินค้า","/#launch","navigation","EVSELECT | รีวิวรถ EV และอุปกรณ์เสริมสำหรับคนรักรถ","",""
"/articles/tesla-model-y-l-premium-6-seater-review","บทความและคู่มือ EV","/articles","navigation","บทความและรีวิวรถยนต์ไฟฟ้า EV สเปกไทยฉบับเจาะลึก | EVSELECT","",""
"/articles/tesla-model-y-l-premium-6-seater-review","นโยบายบทความ","/editorial-policy","navigation","นโยบายบรรณาธิการ | EVSELECT","",""
"/articles/tesla-model-y-l-premium-6-seater-review","ติดต่อ EVSELECT","/contact","navigation","ติดต่อเรา | EVSELECT","",""
"/articles/tesla-model-y-l-premium-6-seater-review","บอกรุ่นรถที่คุณใช้","/contact","navigation","ติดต่อเรา | EVSELECT","",""
"/articles/tesla-model-y-l-premium-6-seater-review","EVSELECT EVSELECT - DRIVE BETTER. SELECT SMARTER.","/","navigation","EVSELECT | รีวิวรถ EV และอุปกรณ์เสริมสำหรับคนรักรถ","",""
"/articles/tesla-model-y-l-premium-6-seater-review","เตรียมเปิดตัว","/#launch","navigation","EVSELECT | รีวิวรถ EV และอุปกรณ์เสริมสำหรับคนรักรถ","",""
"/articles/tesla-model-y-l-premium-6-seater-review","บทความ EV","/articles","navigation","บทความและรีวิวรถยนต์ไฟฟ้า EV สเปกไทยฉบับเจาะลึก | EVSELECT","",""
"/articles/tesla-model-y-l-premium-6-seater-review","กำลังเปิดตัว","/#launch","navigation","EVSELECT | รีวิวรถ EV และอุปกรณ์เสริมสำหรับคนรักรถ","",""
"/articles/tesla-model-y-l-premium-6-seater-review","กลับไปหน้ารวมบทความและรีวิวรถยนต์ไฟฟ้า","/articles","navigation","บทความและรีวิวรถยนต์ไฟฟ้า EV สเปกไทยฉบับเจาะลึก | EVSELECT","",""
"/articles/tesla-model-y-l-premium-6-seater-review","แจ้งความสนใจสำหรับ Model Y L","/contact","body-navigation","ติดต่อเรา | EVSELECT","",""
"/articles/tesla-model-y-l-premium-6-seater-review","ค้นหาตามรุ่นรถ","/contact","body-navigation","ติดต่อเรา | EVSELECT","",""
"/articles/tesla-model-y-l-premium-6-seater-review","บอกรุ่นรถที่คุณใช้","/#vehicle-finder","body-navigation","EVSELECT | รีวิวรถ EV และอุปกรณ์เสริมสำหรับคนรักรถ","",""
"/articles/tesla-model-y-l-premium-6-seater-review","ดูทั้งหมด","/articles","body-navigation","บทความและรีวิวรถยนต์ไฟฟ้า EV สเปกไทยฉบับเจาะลึก | EVSELECT","",""
"/articles/tesla-model-y-l-premium-6-seater-review","Electric SedanIn-Depth Reviewรีวิว Tesla Model 3 Highland: อัปเกรดความเงียบ นุ่มนวล และเทคโนโลยีกระจก Acoustic 360 องศา ช่วงล่างใหม่ และเบาะเป่าลมเย็น","/articles/tesla-model-3-highland-review","body-navigation","Tesla Model 3 Highland สเปกไทย: เทียบ 4 รุ่น ราคาและอุปกรณ์ล่าสุด | EVSELECT","",""
"/articles/tesla-model-y-l-premium-6-seater-review","800V SUVIn-Depth Reviewรีวิว Zeekr 7X 2026 สเปกไทย: พรีเมียมเอสยูวี 800V ชาร์จไวสุดขีด 420kWทดสอบสมรรถนะ 646 แรงม้า ชิป Snapdragon 8295 และช่วงล่างถุงลม CCD","/articles/zeekr-7x-2026-review","body-navigation","รีวิว Zeekr 7X 2026 สเปกไทย: พรีเมียมเอสยูวี 800V ชาร์จไวสุดขีด 420kW ออปชันหรูระดับเรือธง | EVSELECT","",""
"/articles/tesla-model-y-l-premium-6-seater-review","Luxury MPVMaster Reviewรีวิว ZEEKR 009 สเปกไทย: อัลตร้าลักชัวรีเอ็มพีวี 603 แรงม้า ท้าชน Alphardทดสอบขับจริง เบาะ Sofaro First Class ช่วงล่างถุงลม และเทียบตรงตัวกับ Toyota Alphard","/articles/zeekr-009-review","body-navigation","รีวิว ZEEKR 009 สเปกไทย 3 รุ่นย่อย: อัลตร้าลักชัวรีเอ็มพีวี 603 แรงม้า ท้าชน Toyota Alphard | EVSELECT","",""
"/articles/tesla-model-y-l-premium-6-seater-review","ดูบทความและรีวิวทั้งหมด","/articles","navigation","บทความและรีวิวรถยนต์ไฟฟ้า EV สเปกไทยฉบับเจาะลึก | EVSELECT","",""
"/articles/tesla-model-y-l-premium-6-seater-review","สถานะการเปิดตัวสินค้า","/#launch","navigation","EVSELECT | รีวิวรถ EV และอุปกรณ์เสริมสำหรับคนรักรถ","",""
"/articles/tesla-model-y-l-premium-6-seater-review","ติดต่อ EVSELECT","/contact","navigation","ติดต่อเรา | EVSELECT","",""
"/articles/tesla-model-y-l-premium-6-seater-review","อ่านนโยบายบทความ","/editorial-policy","navigation","นโยบายบรรณาธิการ | EVSELECT","",""
"/articles/zeekr-009-review","หน้าแรก","/","navigation","EVSELECT | รีวิวรถ EV และอุปกรณ์เสริมสำหรับคนรักรถ","",""
"/articles/zeekr-009-review","เริ่มจากสิ่งที่กำลังตัดสินใจ","/#choose-your-path","navigation","EVSELECT | รีวิวรถ EV และอุปกรณ์เสริมสำหรับคนรักรถ","",""
"/articles/zeekr-009-review","รีวิวรถ EV","/articles?category=reviews","navigation","บทความและรีวิวรถยนต์ไฟฟ้า EV สเปกไทยฉบับเจาะลึก | EVSELECT","",""
"/articles/zeekr-009-review","ติดตามการเปิดตัวสินค้า","/#launch","navigation","EVSELECT | รีวิวรถ EV และอุปกรณ์เสริมสำหรับคนรักรถ","",""
"/articles/zeekr-009-review","บทความและคู่มือ EV","/articles","navigation","บทความและรีวิวรถยนต์ไฟฟ้า EV สเปกไทยฉบับเจาะลึก | EVSELECT","",""
"/articles/zeekr-009-review","นโยบายบทความ","/editorial-policy","navigation","นโยบายบรรณาธิการ | EVSELECT","",""
"/articles/zeekr-009-review","ติดต่อ EVSELECT","/contact","navigation","ติดต่อเรา | EVSELECT","",""
"/articles/zeekr-009-review","บอกรุ่นรถที่คุณใช้","/contact","navigation","ติดต่อเรา | EVSELECT","",""
"/articles/zeekr-009-review","EVSELECT EVSELECT - DRIVE BETTER. SELECT SMARTER.","/","navigation","EVSELECT | รีวิวรถ EV และอุปกรณ์เสริมสำหรับคนรักรถ","",""
"/articles/zeekr-009-review","เตรียมเปิดตัว","/#launch","navigation","EVSELECT | รีวิวรถ EV และอุปกรณ์เสริมสำหรับคนรักรถ","",""
"/articles/zeekr-009-review","บทความ EV","/articles","navigation","บทความและรีวิวรถยนต์ไฟฟ้า EV สเปกไทยฉบับเจาะลึก | EVSELECT","",""
"/articles/zeekr-009-review","กำลังเปิดตัว","/#launch","navigation","EVSELECT | รีวิวรถ EV และอุปกรณ์เสริมสำหรับคนรักรถ","",""
"/articles/zeekr-009-review","กลับไปหน้ารวมบทความและรีวิวรถยนต์ไฟฟ้า","/articles","navigation","บทความและรีวิวรถยนต์ไฟฟ้า EV สเปกไทยฉบับเจาะลึก | EVSELECT","",""
"/articles/zeekr-009-review","แจ้งความสนใจสำหรับ ZEEKR 009","/contact","body-navigation","ติดต่อเรา | EVSELECT","",""
"/articles/zeekr-009-review","ค้นหาตามรุ่นรถ","/contact","body-navigation","ติดต่อเรา | EVSELECT","",""
"/articles/zeekr-009-review","บอกรุ่นรถที่คุณใช้","/#vehicle-finder","body-navigation","EVSELECT | รีวิวรถ EV และอุปกรณ์เสริมสำหรับคนรักรถ","",""
"/articles/zeekr-009-review","ดูทั้งหมด","/articles","body-navigation","บทความและรีวิวรถยนต์ไฟฟ้า EV สเปกไทยฉบับเจาะลึก | EVSELECT","",""
"/articles/zeekr-009-review","ภาพประกอบ: Zeekr 7XSUV ไฟฟ้า 800VZEEKR Reviewรีวิว Zeekr 7X 2026 สเปกไทย: พรีเมียมเอสยูวี 800V ชาร์จไวสุดขีดขุมพลัง 646 แรงม้า 800V SiC และช่วงล่างถุงลมปรับระดับ","/articles/zeekr-7x-2026-review","body-navigation","รีวิว Zeekr 7X 2026 สเปกไทย: พรีเมียมเอสยูวี 800V ชาร์จไวสุดขีด 420kW ออปชันหรูระดับเรือธง | EVSELECT","",""
"/articles/zeekr-009-review","Compact LuxuryZEEKR Reviewรีวิว Zeekr X: พรีเมียมคอมแพกต์เอสยูวีสำหรับคนเมืองความคล่องตัวสไตล์ยุโรป ดีไซน์สแกนดิเนเวีย และสมรรถนะเกินตัว","/articles/zeekr-x-review","body-navigation","รีวิว Zeekr X (Flagship AWD & Standard) สเปกไทย: พรีเมียมคอมแพกต์ครอสโอเวอร์ 489 แรงม้า | EVSELECT","",""
"/articles/zeekr-009-review","Chassis Tuning GuideSuspension Techการเซ็ตอัปช่วงล่าง EV สำหรับถนนเมืองไทย: นุ่มนวล ไม่เด้ง ไม่กระด้างวิเคราะห์โช้คอัพ ถุงลม Air Suspension และการรับมือน้ำหนักแบตเตอรี่","/articles/optimizing-ev-suspension-thai-roads","body-navigation","การเซ็ตติ้งช่วงล่างรถ EV ให้สมบูรณ์แบบบนถนนเมืองไทย: รอยต่อสะพาน คอสะพานทรุด ลูกระนาด และน้ำท่วมขัง | EVSELECT","",""
"/articles/zeekr-009-review","ดูบทความและรีวิวทั้งหมด","/articles","navigation","บทความและรีวิวรถยนต์ไฟฟ้า EV สเปกไทยฉบับเจาะลึก | EVSELECT","",""
"/articles/zeekr-009-review","สถานะการเปิดตัวสินค้า","/#launch","navigation","EVSELECT | รีวิวรถ EV และอุปกรณ์เสริมสำหรับคนรักรถ","",""
"/articles/zeekr-009-review","ติดต่อ EVSELECT","/contact","navigation","ติดต่อเรา | EVSELECT","",""
"/articles/zeekr-009-review","อ่านนโยบายบทความ","/editorial-policy","navigation","นโยบายบรรณาธิการ | EVSELECT","",""
"/articles/zeekr-7x-2026-review","หน้าแรก","/","navigation","EVSELECT | รีวิวรถ EV และอุปกรณ์เสริมสำหรับคนรักรถ","",""
"/articles/zeekr-7x-2026-review","เริ่มจากสิ่งที่กำลังตัดสินใจ","/#choose-your-path","navigation","EVSELECT | รีวิวรถ EV และอุปกรณ์เสริมสำหรับคนรักรถ","",""
"/articles/zeekr-7x-2026-review","รีวิวรถ EV","/articles?category=reviews","navigation","บทความและรีวิวรถยนต์ไฟฟ้า EV สเปกไทยฉบับเจาะลึก | EVSELECT","",""
"/articles/zeekr-7x-2026-review","ติดตามการเปิดตัวสินค้า","/#launch","navigation","EVSELECT | รีวิวรถ EV และอุปกรณ์เสริมสำหรับคนรักรถ","",""
"/articles/zeekr-7x-2026-review","บทความและคู่มือ EV","/articles","navigation","บทความและรีวิวรถยนต์ไฟฟ้า EV สเปกไทยฉบับเจาะลึก | EVSELECT","",""
"/articles/zeekr-7x-2026-review","นโยบายบทความ","/editorial-policy","navigation","นโยบายบรรณาธิการ | EVSELECT","",""
"/articles/zeekr-7x-2026-review","ติดต่อ EVSELECT","/contact","navigation","ติดต่อเรา | EVSELECT","",""
"/articles/zeekr-7x-2026-review","บอกรุ่นรถที่คุณใช้","/contact","navigation","ติดต่อเรา | EVSELECT","",""
"/articles/zeekr-7x-2026-review","EVSELECT EVSELECT - DRIVE BETTER. SELECT SMARTER.","/","navigation","EVSELECT | รีวิวรถ EV และอุปกรณ์เสริมสำหรับคนรักรถ","",""
"/articles/zeekr-7x-2026-review","เตรียมเปิดตัว","/#launch","navigation","EVSELECT | รีวิวรถ EV และอุปกรณ์เสริมสำหรับคนรักรถ","",""
"/articles/zeekr-7x-2026-review","บทความ EV","/articles","navigation","บทความและรีวิวรถยนต์ไฟฟ้า EV สเปกไทยฉบับเจาะลึก | EVSELECT","",""
"/articles/zeekr-7x-2026-review","กำลังเปิดตัว","/#launch","navigation","EVSELECT | รีวิวรถ EV และอุปกรณ์เสริมสำหรับคนรักรถ","",""
"/articles/zeekr-7x-2026-review","กลับไปหน้ารวมบทความและรีวิวรถยนต์ไฟฟ้า","/articles","navigation","บทความและรีวิวรถยนต์ไฟฟ้า EV สเปกไทยฉบับเจาะลึก | EVSELECT","",""
"/articles/zeekr-7x-2026-review","แจ้งความสนใจสำหรับ Zeekr 7X","/contact","body-navigation","ติดต่อเรา | EVSELECT","",""
"/articles/zeekr-7x-2026-review","ค้นหาตามรุ่นรถ","/contact","body-navigation","ติดต่อเรา | EVSELECT","",""
"/articles/zeekr-7x-2026-review","บอกรุ่นรถที่คุณใช้","/#vehicle-finder","body-navigation","EVSELECT | รีวิวรถ EV และอุปกรณ์เสริมสำหรับคนรักรถ","",""
"/articles/zeekr-7x-2026-review","ดูทั้งหมด","/articles","body-navigation","บทความและรีวิวรถยนต์ไฟฟ้า EV สเปกไทยฉบับเจาะลึก | EVSELECT","",""
"/articles/zeekr-7x-2026-review","Luxury MPVIn-Depth Reviewรีวิว ZEEKR 009 สเปกไทย: อัลตร้าลักชัวรีเอ็มพีวี 603 แรงม้า ท้าชน Alphardทดสอบขับจริง เบาะ Sofaro First Class ช่วงล่างถุงลม และเทียบตรงตัวกับ Toyota Alphard","/articles/zeekr-009-review","body-navigation","รีวิว ZEEKR 009 สเปกไทย 3 รุ่นย่อย: อัลตร้าลักชัวรีเอ็มพีวี 603 แรงม้า ท้าชน Toyota Alphard | EVSELECT","",""
"/articles/zeekr-7x-2026-review","6-Seater SUVNew Releaseรีวิว Tesla Model Y L (Premium 6-Seater): รถ EV ครอบครัวที่ลงตัวที่สุดเจาะลึกเลย์เอาต์เบาะ 2+2+2 Captain Seats และความอเนกประสงค์เพื่อครอบครัวยุคใหม่","/articles/tesla-model-y-l-premium-6-seater-review","body-navigation","รีวิว 2026 Tesla Model Y L (Premium 6-Seater) สเปกไทย: รถ EV ครอบครัว 6 ที่นั่ง เบาะ Captain Seats | EVSELECT","",""
"/articles/zeekr-7x-2026-review","Compact CrossoverCompact Reviewรีวิว Zeekr X (Flagship AWD): พรีเมียมคอมแพกต์ 489 แรงม้า ดีไซน์สแกนดิเนเวียแพลตฟอร์ม SEA ลำโพง Yamaha 13 ตัว และสมรรถนะ 0-100 ใน 3.7 วินาที","/articles/zeekr-x-review","body-navigation","รีวิว Zeekr X (Flagship AWD & Standard) สเปกไทย: พรีเมียมคอมแพกต์ครอสโอเวอร์ 489 แรงม้า | EVSELECT","",""
"/articles/zeekr-7x-2026-review","ดูบทความและรีวิวทั้งหมด","/articles","navigation","บทความและรีวิวรถยนต์ไฟฟ้า EV สเปกไทยฉบับเจาะลึก | EVSELECT","",""
"/articles/zeekr-7x-2026-review","สถานะการเปิดตัวสินค้า","/#launch","navigation","EVSELECT | รีวิวรถ EV และอุปกรณ์เสริมสำหรับคนรักรถ","",""
"/articles/zeekr-7x-2026-review","ติดต่อ EVSELECT","/contact","navigation","ติดต่อเรา | EVSELECT","",""
"/articles/zeekr-7x-2026-review","อ่านนโยบายบทความ","/editorial-policy","navigation","นโยบายบรรณาธิการ | EVSELECT","",""
"/articles/zeekr-x-review","หน้าแรก","/","navigation","EVSELECT | รีวิวรถ EV และอุปกรณ์เสริมสำหรับคนรักรถ","",""
"/articles/zeekr-x-review","เริ่มจากสิ่งที่กำลังตัดสินใจ","/#choose-your-path","navigation","EVSELECT | รีวิวรถ EV และอุปกรณ์เสริมสำหรับคนรักรถ","",""
"/articles/zeekr-x-review","รีวิวรถ EV","/articles?category=reviews","navigation","บทความและรีวิวรถยนต์ไฟฟ้า EV สเปกไทยฉบับเจาะลึก | EVSELECT","",""
"/articles/zeekr-x-review","ติดตามการเปิดตัวสินค้า","/#launch","navigation","EVSELECT | รีวิวรถ EV และอุปกรณ์เสริมสำหรับคนรักรถ","",""
"/articles/zeekr-x-review","บทความและคู่มือ EV","/articles","navigation","บทความและรีวิวรถยนต์ไฟฟ้า EV สเปกไทยฉบับเจาะลึก | EVSELECT","",""
"/articles/zeekr-x-review","นโยบายบทความ","/editorial-policy","navigation","นโยบายบรรณาธิการ | EVSELECT","",""
"/articles/zeekr-x-review","ติดต่อ EVSELECT","/contact","navigation","ติดต่อเรา | EVSELECT","",""
"/articles/zeekr-x-review","บอกรุ่นรถที่คุณใช้","/contact","navigation","ติดต่อเรา | EVSELECT","",""
"/articles/zeekr-x-review","EVSELECT EVSELECT - DRIVE BETTER. SELECT SMARTER.","/","navigation","EVSELECT | รีวิวรถ EV และอุปกรณ์เสริมสำหรับคนรักรถ","",""
"/articles/zeekr-x-review","เตรียมเปิดตัว","/#launch","navigation","EVSELECT | รีวิวรถ EV และอุปกรณ์เสริมสำหรับคนรักรถ","",""
"/articles/zeekr-x-review","บทความ EV","/articles","navigation","บทความและรีวิวรถยนต์ไฟฟ้า EV สเปกไทยฉบับเจาะลึก | EVSELECT","",""
"/articles/zeekr-x-review","กำลังเปิดตัว","/#launch","navigation","EVSELECT | รีวิวรถ EV และอุปกรณ์เสริมสำหรับคนรักรถ","",""
"/articles/zeekr-x-review","กลับไปหน้ารวมบทความและรีวิวรถยนต์ไฟฟ้า","/articles","navigation","บทความและรีวิวรถยนต์ไฟฟ้า EV สเปกไทยฉบับเจาะลึก | EVSELECT","",""
"/articles/zeekr-x-review","แจ้งความสนใจสำหรับ Zeekr X","/contact","body-navigation","ติดต่อเรา | EVSELECT","",""
"/articles/zeekr-x-review","ค้นหาตามรุ่นรถ","/contact","body-navigation","ติดต่อเรา | EVSELECT","",""
"/articles/zeekr-x-review","บอกรุ่นรถที่คุณใช้","/#vehicle-finder","body-navigation","EVSELECT | รีวิวรถ EV และอุปกรณ์เสริมสำหรับคนรักรถ","",""
"/articles/zeekr-x-review","ดูทั้งหมด","/articles","body-navigation","บทความและรีวิวรถยนต์ไฟฟ้า EV สเปกไทยฉบับเจาะลึก | EVSELECT","",""
"/articles/zeekr-x-review","Luxury MPVIn-Depth Reviewรีวิว ZEEKR 009 สเปกไทย: อัลตร้าลักชัวรีเอ็มพีวี 603 แรงม้า ท้าชน Alphardทดสอบขับจริง เบาะ Sofaro First Class ช่วงล่างถุงลม และเทียบตรงตัวกับ Toyota Alphard","/articles/zeekr-009-review","body-navigation","รีวิว ZEEKR 009 สเปกไทย 3 รุ่นย่อย: อัลตร้าลักชัวรีเอ็มพีวี 603 แรงม้า ท้าชน Toyota Alphard | EVSELECT","",""
"/articles/zeekr-x-review","ภาพประกอบ: Zeekr 7X800V SUVIn-Depth Reviewรีวิว Zeekr 7X 2026 สเปกไทย: พรีเมียมเอสยูวี 800V ชาร์จไวสุดขีด 420kWทดสอบสมรรถนะ 646 แรงม้า ชิป Snapdragon 8295 และช่วงล่างถุงลม CCD","/articles/zeekr-7x-2026-review","body-navigation","รีวิว Zeekr 7X 2026 สเปกไทย: พรีเมียมเอสยูวี 800V ชาร์จไวสุดขีด 420kW ออปชันหรูระดับเรือธง | EVSELECT","",""
"/articles/zeekr-x-review","Electric SedanIn-Depth Reviewรีวิว Tesla Model 3 Highland: อัปเกรดความเงียบ นุ่มนวล และเทคโนโลยีกระจก Acoustic 360 องศา ช่วงล่างใหม่ และเบาะเป่าลมเย็น","/articles/tesla-model-3-highland-review","body-navigation","Tesla Model 3 Highland สเปกไทย: เทียบ 4 รุ่น ราคาและอุปกรณ์ล่าสุด | EVSELECT","",""
"/articles/zeekr-x-review","ดูบทความและรีวิวทั้งหมด","/articles","navigation","บทความและรีวิวรถยนต์ไฟฟ้า EV สเปกไทยฉบับเจาะลึก | EVSELECT","",""
"/articles/zeekr-x-review","สถานะการเปิดตัวสินค้า","/#launch","navigation","EVSELECT | รีวิวรถ EV และอุปกรณ์เสริมสำหรับคนรักรถ","",""
"/articles/zeekr-x-review","ติดต่อ EVSELECT","/contact","navigation","ติดต่อเรา | EVSELECT","",""
"/articles/zeekr-x-review","อ่านนโยบายบทความ","/editorial-policy","navigation","นโยบายบรรณาธิการ | EVSELECT","",""
"/about","หน้าแรก","/","navigation","EVSELECT | รีวิวรถ EV และอุปกรณ์เสริมสำหรับคนรักรถ","",""
"/about","เริ่มจากสิ่งที่กำลังตัดสินใจ","/#choose-your-path","navigation","EVSELECT | รีวิวรถ EV และอุปกรณ์เสริมสำหรับคนรักรถ","",""
"/about","รีวิวรถ EV","/articles?category=reviews","navigation","บทความและรีวิวรถยนต์ไฟฟ้า EV สเปกไทยฉบับเจาะลึก | EVSELECT","",""
"/about","ติดตามการเปิดตัวสินค้า","/#launch","navigation","EVSELECT | รีวิวรถ EV และอุปกรณ์เสริมสำหรับคนรักรถ","",""
"/about","บทความและคู่มือ EV","/articles","navigation","บทความและรีวิวรถยนต์ไฟฟ้า EV สเปกไทยฉบับเจาะลึก | EVSELECT","",""
"/about","นโยบายบทความ","/editorial-policy","navigation","นโยบายบรรณาธิการ | EVSELECT","",""
"/about","ติดต่อ EVSELECT","/contact","navigation","ติดต่อเรา | EVSELECT","",""
"/about","บอกรุ่นรถที่คุณใช้","/contact","navigation","ติดต่อเรา | EVSELECT","",""
"/about","EVSELECT EVSELECT - DRIVE BETTER. SELECT SMARTER.","/","navigation","EVSELECT | รีวิวรถ EV และอุปกรณ์เสริมสำหรับคนรักรถ","",""
"/about","เตรียมเปิดตัว","/#launch","navigation","EVSELECT | รีวิวรถ EV และอุปกรณ์เสริมสำหรับคนรักรถ","",""
"/about","บทความ EV","/articles","navigation","บทความและรีวิวรถยนต์ไฟฟ้า EV สเปกไทยฉบับเจาะลึก | EVSELECT","",""
"/about","กำลังเปิดตัว","/#launch","navigation","EVSELECT | รีวิวรถ EV และอุปกรณ์เสริมสำหรับคนรักรถ","",""
"/about","สถานะการเปิดตัวสินค้า","/#launch","navigation","EVSELECT | รีวิวรถ EV และอุปกรณ์เสริมสำหรับคนรักรถ","",""
"/about","ติดต่อ EVSELECT","/contact","navigation","ติดต่อเรา | EVSELECT","",""
"/about","อ่านนโยบายบทความ","/editorial-policy","navigation","นโยบายบรรณาธิการ | EVSELECT","",""
"/contact","หน้าแรก","/","navigation","EVSELECT | รีวิวรถ EV และอุปกรณ์เสริมสำหรับคนรักรถ","",""
"/contact","เริ่มจากสิ่งที่กำลังตัดสินใจ","/#choose-your-path","navigation","EVSELECT | รีวิวรถ EV และอุปกรณ์เสริมสำหรับคนรักรถ","",""
"/contact","รีวิวรถ EV","/articles?category=reviews","navigation","บทความและรีวิวรถยนต์ไฟฟ้า EV สเปกไทยฉบับเจาะลึก | EVSELECT","",""
"/contact","ติดตามการเปิดตัวสินค้า","/#launch","navigation","EVSELECT | รีวิวรถ EV และอุปกรณ์เสริมสำหรับคนรักรถ","",""
"/contact","บทความและคู่มือ EV","/articles","navigation","บทความและรีวิวรถยนต์ไฟฟ้า EV สเปกไทยฉบับเจาะลึก | EVSELECT","",""
"/contact","นโยบายบทความ","/editorial-policy","navigation","นโยบายบรรณาธิการ | EVSELECT","",""
"/contact","ติดต่อ EVSELECT","/contact","navigation","ติดต่อเรา | EVSELECT","",""
"/contact","บอกรุ่นรถที่คุณใช้","/contact","navigation","ติดต่อเรา | EVSELECT","",""
"/contact","EVSELECT EVSELECT - DRIVE BETTER. SELECT SMARTER.","/","navigation","EVSELECT | รีวิวรถ EV และอุปกรณ์เสริมสำหรับคนรักรถ","",""
"/contact","เตรียมเปิดตัว","/#launch","navigation","EVSELECT | รีวิวรถ EV และอุปกรณ์เสริมสำหรับคนรักรถ","",""
"/contact","บทความ EV","/articles","navigation","บทความและรีวิวรถยนต์ไฟฟ้า EV สเปกไทยฉบับเจาะลึก | EVSELECT","",""
"/contact","กำลังเปิดตัว","/#launch","navigation","EVSELECT | รีวิวรถ EV และอุปกรณ์เสริมสำหรับคนรักรถ","",""
"/contact","สถานะการเปิดตัวสินค้า","/#launch","navigation","EVSELECT | รีวิวรถ EV และอุปกรณ์เสริมสำหรับคนรักรถ","",""
"/contact","ติดต่อ EVSELECT","/contact","navigation","ติดต่อเรา | EVSELECT","",""
"/contact","อ่านนโยบายบทความ","/editorial-policy","navigation","นโยบายบรรณาธิการ | EVSELECT","",""
"/editorial-policy","หน้าแรก","/","navigation","EVSELECT | รีวิวรถ EV และอุปกรณ์เสริมสำหรับคนรักรถ","",""
"/editorial-policy","เริ่มจากสิ่งที่กำลังตัดสินใจ","/#choose-your-path","navigation","EVSELECT | รีวิวรถ EV และอุปกรณ์เสริมสำหรับคนรักรถ","",""
"/editorial-policy","รีวิวรถ EV","/articles?category=reviews","navigation","บทความและรีวิวรถยนต์ไฟฟ้า EV สเปกไทยฉบับเจาะลึก | EVSELECT","",""
"/editorial-policy","ติดตามการเปิดตัวสินค้า","/#launch","navigation","EVSELECT | รีวิวรถ EV และอุปกรณ์เสริมสำหรับคนรักรถ","",""
"/editorial-policy","บทความและคู่มือ EV","/articles","navigation","บทความและรีวิวรถยนต์ไฟฟ้า EV สเปกไทยฉบับเจาะลึก | EVSELECT","",""
"/editorial-policy","นโยบายบทความ","/editorial-policy","navigation","นโยบายบรรณาธิการ | EVSELECT","",""
"/editorial-policy","ติดต่อ EVSELECT","/contact","navigation","ติดต่อเรา | EVSELECT","",""
"/editorial-policy","บอกรุ่นรถที่คุณใช้","/contact","navigation","ติดต่อเรา | EVSELECT","",""
"/editorial-policy","EVSELECT EVSELECT - DRIVE BETTER. SELECT SMARTER.","/","navigation","EVSELECT | รีวิวรถ EV และอุปกรณ์เสริมสำหรับคนรักรถ","",""
"/editorial-policy","เตรียมเปิดตัว","/#launch","navigation","EVSELECT | รีวิวรถ EV และอุปกรณ์เสริมสำหรับคนรักรถ","",""
"/editorial-policy","บทความ EV","/articles","navigation","บทความและรีวิวรถยนต์ไฟฟ้า EV สเปกไทยฉบับเจาะลึก | EVSELECT","",""
"/editorial-policy","กำลังเปิดตัว","/#launch","navigation","EVSELECT | รีวิวรถ EV และอุปกรณ์เสริมสำหรับคนรักรถ","",""
"/editorial-policy","สถานะการเปิดตัวสินค้า","/#launch","navigation","EVSELECT | รีวิวรถ EV และอุปกรณ์เสริมสำหรับคนรักรถ","",""
"/editorial-policy","ติดต่อ EVSELECT","/contact","navigation","ติดต่อเรา | EVSELECT","",""
"/editorial-policy","อ่านนโยบายบทความ","/editorial-policy","navigation","นโยบายบรรณาธิการ | EVSELECT","",""
"/privacy","หน้าแรก","/","navigation","EVSELECT | รีวิวรถ EV และอุปกรณ์เสริมสำหรับคนรักรถ","",""
"/privacy","เริ่มจากสิ่งที่กำลังตัดสินใจ","/#choose-your-path","navigation","EVSELECT | รีวิวรถ EV และอุปกรณ์เสริมสำหรับคนรักรถ","",""
"/privacy","รีวิวรถ EV","/articles?category=reviews","navigation","บทความและรีวิวรถยนต์ไฟฟ้า EV สเปกไทยฉบับเจาะลึก | EVSELECT","",""
"/privacy","ติดตามการเปิดตัวสินค้า","/#launch","navigation","EVSELECT | รีวิวรถ EV และอุปกรณ์เสริมสำหรับคนรักรถ","",""
"/privacy","บทความและคู่มือ EV","/articles","navigation","บทความและรีวิวรถยนต์ไฟฟ้า EV สเปกไทยฉบับเจาะลึก | EVSELECT","",""
"/privacy","นโยบายบทความ","/editorial-policy","navigation","นโยบายบรรณาธิการ | EVSELECT","",""
"/privacy","ติดต่อ EVSELECT","/contact","navigation","ติดต่อเรา | EVSELECT","",""
"/privacy","บอกรุ่นรถที่คุณใช้","/contact","navigation","ติดต่อเรา | EVSELECT","",""
"/privacy","EVSELECT EVSELECT - DRIVE BETTER. SELECT SMARTER.","/","navigation","EVSELECT | รีวิวรถ EV และอุปกรณ์เสริมสำหรับคนรักรถ","",""
"/privacy","เตรียมเปิดตัว","/#launch","navigation","EVSELECT | รีวิวรถ EV และอุปกรณ์เสริมสำหรับคนรักรถ","",""
"/privacy","บทความ EV","/articles","navigation","บทความและรีวิวรถยนต์ไฟฟ้า EV สเปกไทยฉบับเจาะลึก | EVSELECT","",""
"/privacy","กำลังเปิดตัว","/#launch","navigation","EVSELECT | รีวิวรถ EV และอุปกรณ์เสริมสำหรับคนรักรถ","",""
"/privacy","สถานะการเปิดตัวสินค้า","/#launch","navigation","EVSELECT | รีวิวรถ EV และอุปกรณ์เสริมสำหรับคนรักรถ","",""
"/privacy","ติดต่อ EVSELECT","/contact","navigation","ติดต่อเรา | EVSELECT","",""
"/privacy","อ่านนโยบายบทความ","/editorial-policy","navigation","นโยบายบรรณาธิการ | EVSELECT","",""
"/terms","หน้าแรก","/","navigation","EVSELECT | รีวิวรถ EV และอุปกรณ์เสริมสำหรับคนรักรถ","",""
"/terms","เริ่มจากสิ่งที่กำลังตัดสินใจ","/#choose-your-path","navigation","EVSELECT | รีวิวรถ EV และอุปกรณ์เสริมสำหรับคนรักรถ","",""
"/terms","รีวิวรถ EV","/articles?category=reviews","navigation","บทความและรีวิวรถยนต์ไฟฟ้า EV สเปกไทยฉบับเจาะลึก | EVSELECT","",""
"/terms","ติดตามการเปิดตัวสินค้า","/#launch","navigation","EVSELECT | รีวิวรถ EV และอุปกรณ์เสริมสำหรับคนรักรถ","",""
"/terms","บทความและคู่มือ EV","/articles","navigation","บทความและรีวิวรถยนต์ไฟฟ้า EV สเปกไทยฉบับเจาะลึก | EVSELECT","",""
"/terms","นโยบายบทความ","/editorial-policy","navigation","นโยบายบรรณาธิการ | EVSELECT","",""
"/terms","ติดต่อ EVSELECT","/contact","navigation","ติดต่อเรา | EVSELECT","",""
"/terms","บอกรุ่นรถที่คุณใช้","/contact","navigation","ติดต่อเรา | EVSELECT","",""
"/terms","EVSELECT EVSELECT - DRIVE BETTER. SELECT SMARTER.","/","navigation","EVSELECT | รีวิวรถ EV และอุปกรณ์เสริมสำหรับคนรักรถ","",""
"/terms","เตรียมเปิดตัว","/#launch","navigation","EVSELECT | รีวิวรถ EV และอุปกรณ์เสริมสำหรับคนรักรถ","",""
"/terms","บทความ EV","/articles","navigation","บทความและรีวิวรถยนต์ไฟฟ้า EV สเปกไทยฉบับเจาะลึก | EVSELECT","",""
"/terms","กำลังเปิดตัว","/#launch","navigation","EVSELECT | รีวิวรถ EV และอุปกรณ์เสริมสำหรับคนรักรถ","",""
"/terms","สถานะการเปิดตัวสินค้า","/#launch","navigation","EVSELECT | รีวิวรถ EV และอุปกรณ์เสริมสำหรับคนรักรถ","",""
"/terms","ติดต่อ EVSELECT","/contact","navigation","ติดต่อเรา | EVSELECT","",""
"/terms","อ่านนโยบายบทความ","/editorial-policy","navigation","นโยบายบรรณาธิการ | EVSELECT","",""
"/warranty","หน้าแรก","/","navigation","EVSELECT | รีวิวรถ EV และอุปกรณ์เสริมสำหรับคนรักรถ","",""
"/warranty","เริ่มจากสิ่งที่กำลังตัดสินใจ","/#choose-your-path","navigation","EVSELECT | รีวิวรถ EV และอุปกรณ์เสริมสำหรับคนรักรถ","",""
"/warranty","รีวิวรถ EV","/articles?category=reviews","navigation","บทความและรีวิวรถยนต์ไฟฟ้า EV สเปกไทยฉบับเจาะลึก | EVSELECT","",""
"/warranty","ติดตามการเปิดตัวสินค้า","/#launch","navigation","EVSELECT | รีวิวรถ EV และอุปกรณ์เสริมสำหรับคนรักรถ","",""
"/warranty","บทความและคู่มือ EV","/articles","navigation","บทความและรีวิวรถยนต์ไฟฟ้า EV สเปกไทยฉบับเจาะลึก | EVSELECT","",""
"/warranty","นโยบายบทความ","/editorial-policy","navigation","นโยบายบรรณาธิการ | EVSELECT","",""
"/warranty","ติดต่อ EVSELECT","/contact","navigation","ติดต่อเรา | EVSELECT","",""
"/warranty","บอกรุ่นรถที่คุณใช้","/contact","navigation","ติดต่อเรา | EVSELECT","",""
"/warranty","EVSELECT EVSELECT - DRIVE BETTER. SELECT SMARTER.","/","navigation","EVSELECT | รีวิวรถ EV และอุปกรณ์เสริมสำหรับคนรักรถ","",""
"/warranty","เตรียมเปิดตัว","/#launch","navigation","EVSELECT | รีวิวรถ EV และอุปกรณ์เสริมสำหรับคนรักรถ","",""
"/warranty","บทความ EV","/articles","navigation","บทความและรีวิวรถยนต์ไฟฟ้า EV สเปกไทยฉบับเจาะลึก | EVSELECT","",""
"/warranty","กำลังเปิดตัว","/#launch","navigation","EVSELECT | รีวิวรถ EV และอุปกรณ์เสริมสำหรับคนรักรถ","",""
"/warranty","สถานะการเปิดตัวสินค้า","/#launch","navigation","EVSELECT | รีวิวรถ EV และอุปกรณ์เสริมสำหรับคนรักรถ","",""
"/warranty","ติดต่อ EVSELECT","/contact","navigation","ติดต่อเรา | EVSELECT","",""
"/warranty","อ่านนโยบายบทความ","/editorial-policy","navigation","นโยบายบรรณาธิการ | EVSELECT","",""